step,loss,loss_smooth,ppl
0,8.12138843536377,2.3036039616810013,10.010193879099813
1,2.147972822189331,2.3036039616810013,10.010193879099813
2,5.481135368347168,2.3036039616810013,10.010193879099813
3,0.27494606375694275,2.3036039616810013,10.010193879099813
4,14.3518648147583,2.3036039616810013,10.010193879099813
5,0.8837277889251709,2.3036039616810013,10.010193879099813
6,1.2496209144592285,2.3036039616810013,10.010193879099813
7,6.044347763061523,2.3036039616810013,10.010193879099813
8,4.976124286651611,2.3036039616810013,10.010193879099813
9,5.370211601257324,2.3036039616810013,10.010193879099813
10,0.6788322925567627,2.3036039616810013,10.010193879099813
11,0.10753871500492096,2.3036039616810013,10.010193879099813
12,0.014188366010785103,2.3036039616810013,10.010193879099813
13,4.763660430908203,2.3036039616810013,10.010193879099813
14,2.47236967086792,2.3036039616810013,10.010193879099813
15,0.09712843596935272,2.3036039616810013,10.010193879099813
16,0.47988975048065186,2.3036039616810013,10.010193879099813
17,0.10900493711233139,2.3036039616810013,10.010193879099813
18,1.1692638397216797,2.3036039616810013,10.010193879099813
19,1.4046192169189453,2.3036039616810013,10.010193879099813
20,3.3071253299713135,2.3036039616810013,10.010193879099813
21,0.001443654764443636,2.3036039616810013,10.010193879099813
22,2.9801878554280847e-05,2.3036039616810013,10.010193879099813
23,0.0001530530134914443,2.3036039616810013,10.010193879099813
24,0.03474030643701553,2.3036039616810013,10.010193879099813
25,9.349077224731445,2.3036039616810013,10.010193879099813
26,6.096904277801514,2.3036039616810013,10.010193879099813
27,0.007551930844783783,2.3036039616810013,10.010193879099813
28,0.003323034383356571,2.3036039616810013,10.010193879099813
29,2.497917652130127,2.3036039616810013,10.010193879099813
30,0.01679084822535515,2.3036039616810013,10.010193879099813
31,1.8209728002548218,2.3036039616810013,10.010193879099813
32,0.5167447924613953,2.3036039616810013,10.010193879099813
33,5.963993072509766,2.3036039616810013,10.010193879099813
34,4.716530799865723,2.3036039616810013,10.010193879099813
35,5.034573078155518,2.3036039616810013,10.010193879099813
36,2.3892459869384766,2.3036039616810013,10.010193879099813
37,0.006025601178407669,2.3036039616810013,10.010193879099813
38,0.007321905344724655,2.3036039616810013,10.010193879099813
39,0.0029986200388520956,2.3036039616810013,10.010193879099813
40,0.022085079923272133,2.3036039616810013,10.010193879099813
41,0.32262662053108215,2.3036039616810013,10.010193879099813
42,5.069622039794922,2.3036039616810013,10.010193879099813
43,3.8875575065612793,2.3036039616810013,10.010193879099813
44,0.001177928177639842,2.3036039616810013,10.010193879099813
45,0.023307640105485916,2.3036039616810013,10.010193879099813
46,2.9576921463012695,2.3036039616810013,10.010193879099813
47,0.001553996349684894,2.3036039616810013,10.010193879099813
48,0.5153697729110718,2.3036039616810013,10.010193879099813
49,1.6790467500686646,2.3036039616810013,10.010193879099813
50,0.010866161435842514,2.3036039616810013,10.010193879099813
51,0.006618720479309559,2.3036039616810013,10.010193879099813
52,0.00016258825780823827,2.3036039616810013,10.010193879099813
53,0.9475224614143372,2.3036039616810013,10.010193879099813
54,0.008532142266631126,2.3036039616810013,10.010193879099813
55,4.1220197677612305,2.3036039616810013,10.010193879099813
56,3.3770511150360107,2.3036039616810013,10.010193879099813
57,0.06382138282060623,2.3036039616810013,10.010193879099813
58,3.1232194900512695,2.3036039616810013,10.010193879099813
59,2.347217082977295,2.3036039616810013,10.010193879099813
60,0.00011646069469861686,2.3036039616810013,10.010193879099813
61,0.9098659157752991,2.3036039616810013,10.010193879099813
62,5.120486259460449,2.3036039616810013,10.010193879099813
63,0.5258976221084595,2.3036039616810013,10.010193879099813
64,0.00013553177996072918,2.3036039616810013,10.010193879099813
65,0.11109645664691925,2.3036039616810013,10.010193879099813
66,0.42832595109939575,2.3036039616810013,10.010193879099813
67,5.214629650115967,2.3036039616810013,10.010193879099813
68,2.414811611175537,2.3036039616810013,10.010193879099813
69,8.903517723083496,2.3036039616810013,10.010193879099813
70,0.009775268845260143,2.3036039616810013,10.010193879099813
71,0.0002090712368953973,2.3036039616810013,10.010193879099813
72,0.2620832324028015,2.3036039616810013,10.010193879099813
73,2.4398226737976074,2.3036039616810013,10.010193879099813
74,0.09463253617286682,2.3036039616810013,10.010193879099813
75,0.001534119131974876,2.3036039616810013,10.010193879099813
76,1.1291290521621704,2.3036039616810013,10.010193879099813
77,5.499835968017578,2.3036039616810013,10.010193879099813
78,0.009406059980392456,2.3036039616810013,10.010193879099813
79,0.221750408411026,2.3036039616810013,10.010193879099813
80,7.31366491317749,2.3036039616810013,10.010193879099813
81,0.29036223888397217,2.3036039616810013,10.010193879099813
82,0.014402247034013271,2.3036039616810013,10.010193879099813
83,0.9901857972145081,2.3036039616810013,10.010193879099813
84,0.013546211645007133,2.3036039616810013,10.010193879099813
85,8.589141845703125,2.3036039616810013,10.010193879099813
86,4.761640548706055,2.3036039616810013,10.010193879099813
87,6.71832275390625,2.3036039616810013,10.010193879099813
88,5.460728645324707,2.3036039616810013,10.010193879099813
89,4.166452407836914,2.3036039616810013,10.010193879099813
90,4.717702865600586,2.3036039616810013,10.010193879099813
91,7.374978065490723,2.3036039616810013,10.010193879099813
92,0.008236252702772617,2.3036039616810013,10.010193879099813
93,0.1770043671131134,2.3036039616810013,10.010193879099813
94,7.950911521911621,2.3036039616810013,10.010193879099813
95,1.5317409038543701,2.3036039616810013,10.010193879099813
96,0.06947537511587143,2.3036039616810013,10.010193879099813
97,0.38754400610923767,2.3036039616810013,10.010193879099813
98,2.6388206481933594,2.3036039616810013,10.010193879099813
99,3.430103302001953,2.3036039616810013,10.010193879099813
100,0.010877009481191635,2.2224988474221754,9.230367351225476
101,0.0027096483390778303,2.201046215683673,9.034460551067678
102,0.03364381194114685,2.1465713001196125,8.555473898319175
103,0.19902704656124115,2.1458121099476557,8.548981131553349
104,0.010982188396155834,2.002403283684034,7.406835452751642
105,1.0274364948272705,2.003840370743055,7.417487372163647
106,0.03593749552965164,1.9917035365537594,7.328006662488214
107,0.0037807191256433725,1.9312978661144007,6.898457708519764
108,3.6216940879821777,1.9177535641277064,6.805652821516643
109,4.384629249572754,1.9078977406108606,6.738906966366837
110,0.7564756870269775,1.9086741745555629,6.744141314285456
111,0.010641142725944519,1.9077051988327731,6.737609570142663
112,3.5875966548919678,1.9434392817215849,6.982725279224313
113,0.003891396801918745,1.895841591380522,6.658149488610122
114,0.0009834696538746357,1.8711277293683815,6.495617569060126
115,4.280014991760254,1.9129565949262906,6.77308449162624
116,0.20625047385692596,1.9102202021600534,6.754576007009006
117,5.0673370361328125,1.9598035231502582,7.097932348758813
118,0.11727385222911835,1.9492836232753326,7.023654195516816
119,0.0014123475411906838,1.935251554581555,6.9257860494774075
120,0.00530419172719121,1.9022333431991136,6.700843025606976
121,0.001890778075903654,1.9022378144322283,6.700872986705189
122,1.6760501861572266,1.918998018275015,6.81412741642422
123,1.7115871906280518,1.9361123596511607,6.9317503679092844
124,0.15303105115890503,1.9372952670983796,6.939954838649828
125,0.001379372552037239,1.8438182885765855,6.32062621926314
126,0.0005183068569749594,1.7828544288671402,5.946806952467897
127,2.4007983207702637,1.8067868927663948,6.090845417936864
128,0.1289921998977661,1.808043584421539,6.09850454411835
129,0.0020368797704577446,1.7830847766979423,5.948176944330866
130,0.005193314515054226,1.7829688013608394,5.947487142505372
131,0.014762451872229576,1.7649066978770134,5.841027352408894
132,0.13405346870422363,1.7610797846394417,5.8187169647004255
133,1.5636894702911377,1.7170767486172553,5.568227321498277
134,0.5659478306770325,1.6755709189253685,5.341844038513974
135,0.0637197196483612,1.625862385340297,5.082800480284238
136,6.425119400024414,1.6662211194711563,5.292131630709054
137,7.473025798797607,1.7408911214473484,5.702422710383831
138,0.0010657589882612228,1.7408285599837836,5.702065969632432
139,0.045512400567531586,1.7412536977890705,5.704490648819237
140,2.625748872756958,1.7672903357174072,5.854966852993368
141,0.005226756911724806,1.7641163370812136,5.836412657259642
142,0.002740558236837387,1.713447522265633,5.54805559020129
143,9.881961887003854e-05,1.6745729353962089,5.336515625424693
144,1.6263588666915894,1.6908247447813483,5.423952237243305
145,7.955289840698242,1.770144566787276,5.871702153143695
146,1.34352707862854,1.7540029161105486,5.777684033315811
147,0.0009332115878351033,1.75399670826293,5.777648166445072
148,5.785491943359375,1.806697929967413,6.090303583382235
149,0.005453234072774649,1.789961994807454,5.989224840414396
150,0.003828459419310093,1.7898916177872888,5.9888033514487695
151,1.1604242324829102,1.801429672907325,6.058302667071815
152,2.4079113006591797,1.8255071600313386,6.205941626670492
153,0.08144663274288177,1.816846401744624,6.152425545735193
154,0.0011094611836597323,1.8167721749337944,6.15196888775641
155,5.238696098327637,1.8279389382394584,6.2210514647204835
156,6.290773391723633,1.8570761610063347,6.404982230361815
157,8.83914852142334,1.9448294323923618,6.992439069706915
158,4.054154396057129,1.9541387814524205,7.057838064512672
159,0.1791810691356659,1.9324584213140041,6.906468397006594
160,0.09531290829181671,1.9334103857899754,6.9130462400146415
161,0.3709954023361206,1.9280216806555837,6.875894063212208
162,0.0004114258335903287,1.876820932319315,6.532703908027783
163,3.6845622062683105,1.9084075781609136,6.742343590170093
164,5.121449947357178,1.9596207223166857,7.09663495939436
165,3.766942609217949e-05,1.9585101344444775,7.088757897569268
166,0.9141061305999756,1.9633679362394831,7.123277455109362
167,1.719377875328064,1.9284154184916042,6.878601895914475
168,2.2379372119903564,1.9266466744997524,6.86644616349713
169,4.859286308288574,1.8862043603518033,6.594291564786552
170,0.5908815860748291,1.892015423524099,6.632722965146351
171,1.2386959791183472,1.9044002926029133,6.715379157249096
172,3.18768310546875,1.9336562913335729,6.914746405439692
173,0.44685840606689453,1.9137266486562658,6.778302139279142
174,4.717612266540527,1.9599564459599423,7.099017867514706
175,2.9566938877105713,1.9895080436457284,7.311935724101756
176,2.3597331047058105,2.0018140841711647,7.402472634322437
177,4.271153450012207,1.989527258991111,7.31207622682201
178,0.8605800271034241,1.9980389986623412,7.3745803481588315
179,0.2474825382232666,1.9982963199604638,7.376478228919226
180,1.526139736175537,1.9404210681904441,6.9616816962906025
181,0.0011133907828480005,1.937528579709433,6.941574206535955
182,0.0019436056027188897,1.93740399329512,6.940709434566412
183,2.643496513366699,1.953937100456642,7.056414776233701
184,0.1533564031124115,1.955335202371316,7.06628726300628
185,4.6323370933532715,1.9157671548478175,6.792147427656949
186,1.3185523748397827,1.8813362731091547,6.562267988170037
187,10.57199764251709,1.919873021995263,6.820092412580166
188,0.9777243137359619,1.8750429786793756,6.521099382546959
189,4.985789775848389,1.8832363523594904,6.574748670797627
190,0.006840265356004238,1.8361277263570446,6.272203487734548
191,1.6106793880462646,1.7784847395826,5.920877945959175
192,0.016025783494114876,1.7785626348905135,5.9213391725333535
193,0.165073424577713,1.7784433254651595,5.920632743102035
194,0.5601187944412231,1.7045353981904554,5.498830307133931
195,0.5779759883880615,1.6949977490357924,5.446633705021477
196,5.897039413452148,1.7532733894191552,5.773470595693544
197,0.3171004056930542,1.7525689534149933,5.769404987285561
198,3.7816548347473145,1.763997295280533,5.835717921539523
199,2.142855644226074,1.7511248187027741,5.761079202498949
200,1.214659571647644,1.7631626443244386,5.830849166135138
201,2.805474281311035,1.7911902906541581,5.996585900264998
202,1.38422429561615,1.8046960954909081,6.078123998520395
203,0.13538651168346405,1.8040596901421304,6.07425707849201
204,7.573349475860596,1.8796833630167749,6.551430108671215
205,0.687213659286499,1.876281134661367,6.529178521341503
206,0.09707207977771759,1.8768924805038478,6.533171327853814
207,0.17105808854103088,1.8785652541980016,6.5441089905572145
208,2.0370278358459473,1.8627185916766393,6.441224048361295
209,0.21636834740638733,1.8210359826549756,6.1782557013352095
210,0.23596780002117157,1.8158309037849176,6.146180941374387
211,6.981235504150391,1.885536847399162,6.589891258547658
212,0.5294113755226135,1.8549549946054684,6.391410596192452
213,3.1880812644958496,1.8867968932824077,6.5982000575336714
214,3.414869546890259,1.9209357540547716,6.8273441961047325
215,2.5873565673828125,1.9040091698109973,6.712753132986785
216,0.94466233253479,1.911393288397776,6.762504356574157
217,0.1989573836326599,1.8627094918727745,6.441165434752492
218,2.861743688583374,1.890154190236317,6.620389401754839
219,0.4410859942436218,1.8945509267033414,6.6495615934883805
220,0.04190969839692116,1.8949169817700386,6.651996144763722
221,3.388762950897217,1.9287857034982516,6.8811494106873825
222,2.461263656616211,1.9366378382028415,6.935393811245052
223,1.7333471775054932,1.9368554380716159,6.936903116234606
224,2.520214080810547,1.9605272683681323,7.103071302775399
225,0.26352253556251526,1.963148699998237,7.121715945710731
226,0.0537671335041523,1.963681188264709,7.125509185727239
227,0.15664531290531158,1.9412396581860594,6.967382792391606
228,10.660490036010742,2.046554636547189,7.741183915375579
229,0.7423548698425293,2.0539578164479098,7.798705952823778
230,6.904735565185547,2.1229532389546146,8.355777693752241
231,1.6487536430358887,2.1392931508662514,8.493431931571822
232,0.025684034451842308,2.1382094565237275,8.4842326329532
233,1.2576158046722412,2.1351487198675385,8.458304331227241
234,1.2470858097076416,2.1419600996578447,8.516113711727398
235,1.2990949153900146,2.154313851615261,8.621972196597953
236,5.4917097091674805,2.144979754706692,8.541868302914354
237,0.010656476020812988,2.070356061478924,7.927645344502322
238,0.026348749175667763,2.070608891380798,7.929649943697495
239,2.2738194465637207,2.0928919618407598,8.108330271925636
240,2.117325782775879,2.0878077309409493,8.067210268983283
241,1.7115784883499146,2.104871248255331,8.206046398786349
242,1.6161525249481201,2.121005367922444,8.339517557896315
243,0.17606763541698456,2.122765056080425,8.354205427431177
244,0.00655713863670826,2.1065670387998763,8.219973940436603
245,6.794698856538162e-05,2.0270148198627793,7.59139083139133
246,0.00030751267331652343,2.0135826242032273,7.490103562504964
247,2.019864559173584,2.033771937679085,7.642860450934344
248,0.00014101465058047324,1.9759184283919966,7.213241458282005
249,0.9934752583503723,1.9857986486347727,7.284863108760866
250,0.0011870964663103223,1.9857722350052427,7.284670691626762
251,0.8485429286956787,1.9826534219673704,7.261986557870535
252,3.787548780441284,1.9964497967651915,7.3628699586300925
253,0.0011533997021615505,1.9956468644347842,7.356960445082954
254,0.22042790055274963,1.997840048828475,7.373113322560821
255,1.598030924797058,1.9614333970931694,7.109510516656577
256,0.11754564940929413,1.899701119670026,6.683896458536083
257,1.1405879259109497,1.822715513714902,6.18864099245001
258,1.492642879486084,1.7971003985491916,6.032131305061322
259,2.6528940200805664,1.8218375280586405,6.183209839013181
260,1.966105580329895,1.8405454547790214,6.299973674758668
261,1.6154890060424805,1.852990390816085,6.378866333003889
262,5.185853004455566,1.9048448066023047,6.7183649008489645
263,1.2377409934997559,1.8803765944746191,6.555973340690147
264,2.288433313369751,1.8520464281347448,6.3728477623362405
265,9.97731985989958e-05,1.85204704917247,6.372851720116348
266,0.3218976557254791,1.846124964423725,6.335222683285402
267,0.001013599568977952,1.828941321666134,6.227290470020573
268,2.4504215717315674,1.8310661652635463,6.240536556251986
269,0.757884681224823,1.7900521489929089,5.989764818441663
270,1.980528712272644,1.803948620254887,6.073582448909423
271,0.00518691074103117,1.7916135295711137,5.999124425950395
272,0.060951173305511475,1.7603462102494813,5.814450068187043
273,1.03952956199646,1.766272921808777,5.849012957584151
274,0.5379781723022461,1.7244765808663942,5.609584097488757
275,2.706721782684326,1.7219768598161318,5.59557921348131
276,0.7577273845672607,1.7059568026147462,5.506651926386127
277,0.007703595794737339,1.6633223040725715,5.276812931813824
278,1.722403883934021,1.6719405426408775,5.3224862938104085
279,1.4366304874420166,1.683832022133065,5.386156345696511
280,2.592329978942871,1.6944939245607384,5.4438902488224565
281,0.4445149898529053,1.698927940551439,5.468082139216409
282,0.06751084327697754,1.6995836129281816,5.47166858526717
283,0.000717144284863025,1.6731558192373632,5.328958518813611
284,0.000270091783022508,1.6716249561240693,5.320806853918416
285,4.260888576507568,1.6679104709556123,5.301079457019136
286,0.06811648607254028,1.6554061120679398,5.235205570683498
287,1.2382586002349854,1.5620687216451188,4.768676111626148
288,0.312638521194458,1.5554178637197038,4.737065559482471
289,0.0017199022695422173,1.5055771649839154,4.506754020400934
290,0.0006046851049177349,1.5055148091814043,4.506473006898775
291,1.5735502529423684e-05,1.4894081726559671,4.434470301461821
292,0.000501983508002013,1.4892529346561059,4.4337819565918
293,1.3385192155838013,1.5009873925661668,4.486116442227329
294,0.04434863477945328,1.4958296909695492,4.463037959415373
295,2.960188388824463,1.519651814973913,4.570633491913009
296,0.10125964879989624,1.4616940173273907,4.313260080282143
297,0.36201271414756775,1.4621431404119358,4.315197700036156
298,0.4942716956138611,1.4292693090206012,4.175646969369631
299,0.0014106809394434094,1.407854859387735,4.087178421084906
300,0.2005038857460022,1.3977133025287185,4.045937545548716
301,1.0317517518997192,1.3799760772346052,3.974806537993053
302,1.0960952043533325,1.3770947863219771,3.963370447299487
303,0.8701626062393188,1.3844425472675357,3.9925995987881158
304,0.3734845519065857,1.3124438980279955,3.715242299674774
305,2.5412797927856445,1.330984559362987,3.784767882430152
306,7.261950969696045,1.4026333482621702,4.06589279341912
307,3.1116018295288086,1.432038785672048,4.187227354557385
308,0.5958620309829712,1.4176271276234182,4.127315219309798
309,3.185018539428711,1.4473136295436415,4.251677579084768
310,0.29268786311149597,1.4478808301745447,4.2540898173368795
311,0.33409354090690613,1.38140941054211,3.980507845555774
312,1.5895614624023438,1.3920109114109074,4.022931683777279
313,0.009065893478691578,1.3602207577007357,3.897053511415596
314,0.08974642306566238,1.3269695264624897,3.769602380229531
315,0.08888044953346252,1.3019847652839962,3.6765865922634005
316,0.3360959589481354,1.2958991015481296,3.6542800664188286
317,0.00023910524032544345,1.2939119187642063,3.6470255543911865
318,0.0009372609201818705,1.2653038544875743,3.5441694843158436
319,0.17266768217086792,1.262619671366847,3.534669040578502
320,0.0025351073127239943,1.2622259254560049,3.5332775530618314
321,0.4299514889717102,1.23263781083675,3.430266005644222
322,0.052034154534339905,1.208545515815931,3.3486106076302598
323,2.3218531608581543,1.2144305756494578,3.368375483108166
324,0.6109819412231445,1.1953382542535838,3.304675401980648
325,0.5641026496887207,1.1983440553948457,3.314623542651725
326,8.11609935760498,1.278967377635854,3.5929276718575727
327,0.336263507604599,1.280763559582847,3.5993870230269605
328,0.0870971828699112,1.1750296310514385,3.2382388948396525
329,0.5425307750701904,1.1730313901037153,3.2317745740676913
330,0.6452418565750122,1.1104364530176098,3.0356830383648292
331,5.012663841247559,1.1440755549997266,3.139537684987437
332,0.41959765553474426,1.1480146912105555,3.1519291413619186
333,2.5010600090026855,1.16044913325386,3.1913663030140107
334,0.889420211315155,1.1568724772699353,3.17997227204045
335,0.11188212782144547,1.1450003493942496,3.1424424547902983
336,2.520439624786377,1.1152876485504384,3.050445509224196
337,0.2038891315460205,1.1172199751056906,3.05634566476476
338,0.16186721622943878,1.1185751597762283,3.0604903853540932
339,0.7214059829711914,1.103051025140303,3.01334580676419
340,2.9764814376831055,1.1116425816893751,3.0393466716782456
341,1.7810900211334229,1.1123376970172103,3.0414601025903463
342,0.080591581761837,1.0969820875853475,2.9951133809197765
343,6.142997741699219,1.1566513886481697,3.179269294066651
344,0.1083395928144455,1.157669213189947,3.1825068797466494
345,1.2168028354644775,1.1698365620747062,3.2214660857668647
346,0.2435579150915146,1.1722690660988884,3.2293118535464407
347,2.1226468086242676,1.1732968885933952,3.2326327192491764
348,0.6125916242599487,1.1794213946894887,3.2524917493448147
349,10.176812171936035,1.2712547638253455,3.5653233956715247
350,0.2063717097043991,1.2733066099577264,3.572646400962464
351,6.3439459800720215,1.3282606404714898,3.7744725099408214
352,1.3856353759765625,1.3042415064268424,3.6848930657463055
353,3.320042610168457,1.3374303985315055,3.8092426830631743
354,4.846708297729492,1.3836932025032729,3.9896088858604477
355,3.6428401470184326,1.4041412947254868,4.072028567123629
356,0.01806192472577095,1.4031464574786514,4.067979575812503
357,0.0001394651480950415,1.391741972871023,4.021849907876326
358,0.30827879905700684,1.3798983320667322,3.974497528003666
359,2.324522018432617,1.3766146120502527,3.9614677956201305
360,2.548118829727173,1.3824347445442253,3.984591288684305
361,0.18157288432121277,1.3680955833270128,3.9278632798345026
362,6.091914653778076,1.3771561998202377,3.9636138592178702
363,3.5213871002197266,1.3999926608874376,4.055170205384866
364,7.456192970275879,1.4516702574564988,4.270240963820929
365,2.9926490783691406,1.4815957505082042,4.399961322339547
366,0.17195595800876617,1.480096333531037,4.393368889272104
367,0.01589520461857319,1.480245149581533,4.39402274172924
368,1.695313572883606,1.4726940695930535,4.360968080790914
369,2.3611083030700684,1.488726305811506,4.431447613842855
370,0.38406190276145935,1.4727616377163941,4.3612627531751995
371,1.305873990058899,1.4857685085095726,4.418359655352863
372,3.398496627807617,1.5191439630545938,4.568312876236075
373,2.753997564315796,1.5362886430777871,4.647310397320638
374,0.6588249206542969,1.5374971105613076,4.652929915640315
375,0.5361728072166443,1.5157916208066309,4.55302396912209
376,5.491310119628906,1.5631274481572472,4.773727509005601
377,1.3720989227294922,1.5767714014265948,4.839306384284031
378,0.346978098154068,1.5630171435687954,4.773200973997486
379,1.4321138858795166,1.5629719775531703,4.77298539239623
380,1.1966472864151,1.5490151506278926,4.706832378283906
381,2.2059326171875,1.5666293269012386,4.79047382857571
382,0.22373609244823456,1.568191579392951,4.797963607190221
383,0.47185295820236206,1.5729029375321262,4.820621865755978
384,0.016224494203925133,1.5730624815563352,4.821391028523661
385,1.992519736289978,1.5503787931541593,4.713255193295506
386,3.4506165981292725,1.5842037942747265,4.8754080049691595
387,0.27605190873146057,1.5745817273596914,4.82872147357407
388,1.4637936353683472,1.5860932785014301,4.884628719947771
389,0.6877285838127136,1.592953365316862,4.918252897551564
390,1.2679215669631958,1.6056265341354448,4.980979378923336
391,0.05907206982374191,1.6062170974786567,4.9839218315246265
392,0.04052219167351723,1.6066172995603119,4.985916806586369
393,3.164140224456787,1.6248735096490419,5.07777670679891
394,8.807723999023438,1.7125072632914817,5.542841432856779
395,3.9005489349365234,1.7219108687526024,5.595209967441552
396,0.5564633011817932,1.7264629052764213,5.62073762490641
397,2.404656410217285,1.7468893422371183,5.736729888992854
398,1.0097864866256714,1.7520444901472365,5.7663799396254465
399,4.2489848136901855,1.794520231474744,6.0165874599612135
400,1.9109108448028564,1.8116243010653124,6.12038070363202
401,0.690977156162262,1.8082165551079379,6.099559497870759
402,4.515908241271973,1.8424146854771244,6.311760791937366
403,0.25809651613235474,1.8362940245760546,6.273246630737835
404,4.164914608001709,1.8742083251370059,6.515658794665991
405,0.526203989982605,1.8540575671089754,6.385677341557015
406,1.963610291481018,1.8010741603268252,6.0561492470638285
407,4.898828029632568,1.8189464223278629,6.165359341883885
408,0.3312340974807739,1.816300142992841,6.14906564720668
409,6.4658894538879395,1.849108852137433,6.354154507585868
410,0.3534530997276306,1.8497165045035944,6.3580167979534545
411,0.028907425701618195,1.8466646433515417,6.338642592213985
412,0.05171022564172745,1.8312861309839354,6.241909411356192
413,0.004973421338945627,1.831245206262538,6.24165396817955
414,3.545304298400879,1.8658007850158902,6.461107773220797
415,0.24746271967887878,1.8673866077173442,6.471362073205976
416,0.0901368111371994,1.8649270162392348,6.455464724704776
417,1.7038626670837402,1.881963251857669,6.566383680831767
418,5.572503089904785,1.9376789101475151,6.942617814868486
419,0.9435960650444031,1.9453881939762505,6.996347267810548
420,0.8981945514678955,1.9543447884178022,7.059292178088118
421,0.012285863980650902,1.9501681321678916,7.029869428420186
422,0.008544079959392548,1.949733231422142,7.026812797676916
423,0.04510487988591194,1.9269657486124196,6.868637418281673
424,2.8615429401397705,1.949471358601586,7.024972907309222
425,1.7605242729187012,1.9614355748338859,7.109525999343962
426,4.101186752319336,1.9212864487810293,6.829738929594312
427,1.4575861692428589,1.932499675397412,6.9067533229070355
428,0.08850473910570145,1.9325137509597698,6.906850540028314
429,0.032344967126846313,1.9274118928803363,6.871702505178871
430,0.056156620383262634,1.9215210405184189,6.831341317861898
431,1.7681246995925903,1.8890756491018692,6.6132528886622435
432,4.071503162384033,1.925594704170362,6.8592266638802535
433,2.251678466796875,1.923100888748304,6.842142330084145
434,1.8180056810379028,1.9323867434455315,6.905973373814539
435,0.006309233605861664,1.9313310145033755,6.898686385069322
436,0.3940054476261139,1.910066672731773,6.753539060419318
437,3.5953919887542725,1.9439817013038556,6.9865138735643715
438,1.9723122119903564,1.9620861512614647,7.114152794249053
439,0.2034037709236145,1.9569061291409888,7.077396606527854
440,0.008840586990118027,1.927229720634059,6.870450785715488
441,0.00022671037004329264,1.9094210875264253,6.749180482586238
442,1.0699108839035034,1.9193142805478418,6.816282808664928
443,0.029990149661898613,1.8581842046274688,6.412083163410909
444,0.9388148784637451,1.8664889574839618,6.46555565998464
445,0.19254253804683685,1.8562463545097854,6.399669539054509
446,6.942110061645508,1.9232318759753253,6.843038622034964
447,3.074575901031494,1.9327511668993975,6.908490531111451
448,2.540191173553467,1.9520271623923326,7.04295032328366
449,4.141659736633301,1.8916756380393054,6.630469645002555
450,1.8580800294876099,1.9081927212371375,6.740895106581204
451,0.32010406255722046,1.8479543020619895,6.3468225513894945
452,1.8644263744354248,1.852742212046578,6.377283430236069
453,2.078126907348633,1.8403230550183798,6.298572717913362
454,1.192991852760315,1.803785890568688,6.072594177156166
455,0.44084224104881287,1.7717659115089919,5.88122992825394
456,1.6937587261199951,1.788522879522934,5.980611854430511
457,1.8339869976043701,1.8068613548474968,6.0912989718484285
458,3.151129722595215,1.835289864082879,6.26695044602633
459,0.10141962021589279,1.8130588401007117,6.129166929247929
460,1.5395498275756836,1.8029731500791968,6.0676607390661506
461,0.026890484616160393,1.8014263260821464,6.058282391025839
462,1.867722988128662,1.7591844094256521,5.8076987579060315
463,1.1399478912353516,1.7353700173358084,5.671025793490174
464,0.9389569163322449,1.670197656796372,5.3132178870250275
465,3.3409366607666016,1.6736805326203466,5.331755428389567
466,0.20481842756271362,1.6740091573158862,5.333507862824758
467,1.9559284448623657,1.693409489718324,5.437989904406121
468,0.10239942371845245,1.6774803482266725,5.35205365621375
469,3.4000473022460938,1.6878697382184327,5.4079480806250055
470,1.7401273250579834,1.701430392441398,5.481782887281778
471,0.7734514474868774,1.6961061670156778,5.452674198827503
472,1.4523301124572754,1.6766445018621743,5.3475820306789155
473,3.994307518005371,1.68904760139907,5.414321656415227
474,0.056885406374931335,1.6830282062562765,5.381828607296414
475,0.633404552936554,1.6840005237134756,5.387063998021378
476,2.426982879638672,1.6533572513135733,5.224490344200583
477,0.1821439564228058,1.6414577016505063,5.162689691098244
478,3.9436004161834717,1.6774239248308005,5.351751683690815
479,3.3958241939544678,1.69706102791155,5.457883230752557
480,3.725370168685913,1.722348256734258,5.597657780319095
481,1.4197641611099243,1.7144865721734823,5.553823292797545
482,0.21444648504257202,1.7143936760994256,5.553307388380758
483,0.24207803606987,1.7120959268781006,5.540561929195419
484,0.001022650278173387,1.7119439084388433,5.539719725635191
485,0.0021657124161720276,1.692040368200105,5.430549729825912
486,0.5876292586326599,1.663410494805139,5.277278318332989
487,4.294583797454834,1.7035958136923728,5.493666117895758
488,6.269316673278809,1.7516510440714774,5.76411162632561
489,5.73258113861084,1.8020995696194586,6.062362463780007
490,9.210206031799316,1.8815224142678197,6.563489610030351
491,5.458694934844971,1.9355186429180322,6.927636093203713
492,0.04774768650531769,1.93559089786635,6.928136667275851
493,7.295385360717773,1.97690334922896,7.220349429916399
494,3.1514339447021484,1.9203404486857472,6.823281050974663
495,0.0009268993744626641,1.8813442283301265,6.562320192669607
496,1.0554147958755493,1.8863337432770642,6.595144808715634
497,1.0111263990402222,1.8723984431652934,6.503876886427491
498,2.9623513221740723,1.8919240915207773,6.63211721293317
499,1.4130949974060059,1.8635651933579356,6.44667950844524
500,4.33940315246582,1.8878501164345654,6.60515309550438
501,5.380441665649414,1.9347447615294369,6.922276998483513
502,1.069746494293213,1.9002831440596493,6.6877877816052855
503,4.283174514770508,1.9405339240460306,6.962467407169961
504,2.553837537765503,1.9244231533436686,6.851195436625765
505,7.447965145111084,1.9936407648949535,7.342216444031073
506,1.6590570211410522,1.9905952321915539,7.319889499712248
507,0.5334370136260986,1.946941322031489,7.007221933724742
508,0.012889758683741093,1.9437578786435188,6.984950308429891
509,1.8969534635543823,1.8980685187401831,6.672993225698715
510,4.189397811889648,1.9364279658618033,6.9339384166387426
511,0.043381355702877045,1.936572705161816,6.934942102666152
512,0.4988638758659363,1.941044241664058,6.966021383704073
513,6.023902893066406,2.0012335363813327,7.3981763924028305
514,1.0400505065917969,1.976180998463242,7.215135688278786
515,0.012133714742958546,1.9738277084138827,7.198176344213299
516,1.1073601245880127,1.9839999415483909,7.271771551332019
517,0.00633896654471755,1.9670247045430005,7.149373314500723
518,0.7515308260917664,1.9188149819048703,6.812880297413764
519,2.141904830932617,1.9307980695637526,6.895010744614343
520,3.120497703552246,1.953021101084596,7.049954064185605
521,4.660974445869215e-05,1.952898708542234,7.049091255185925
522,0.625415027141571,1.959067418014056,7.092709446838776
523,1.2930089235305786,1.9715464584505025,7.181774220476937
524,4.090484619140625,1.9838358752405112,7.270578596486373
525,0.003997075371444225,1.9662706032650386,7.143983995249293
526,0.17056569457054138,1.9269643926875506,6.8686281049316955
527,0.3325898051261902,1.915714429046384,6.791789315681324
528,3.8356716632843018,1.95318609828817,7.051117382861045
529,2.543227195739746,1.9782949205742988,7.230404055528308
530,8.155017852783203,2.059283532898298,7.840350444354213
531,0.043994829058647156,2.0420422341929587,7.7063312725634985
532,0.14144828915596008,2.0027416854606783,7.4093423631757105
533,0.006620259955525398,1.9802911033922646,7.244851679122385
534,0.4040493369102478,1.9661515399509881,7.143133459474105
535,0.904503583908081,1.9751334834540102,7.207581682509625
536,7.332427978515625,2.044517708762905,7.725431731252266
537,0.0018731682794168591,2.0085825205581567,7.452745742697607
538,0.19232520461082458,1.9907826504843615,7.321261509471673
539,0.805611252784729,1.9968047253029726,7.365483715119327
540,0.005913737695664167,1.9967754568100282,7.36526814166595
541,0.3655378222465515,2.000428567928793,7.392223490071356
542,0.9163038730621338,1.9988924978203795,7.3808772330876105
543,0.08295191079378128,1.9994221154316982,7.384787310988898
544,0.9494805335998535,1.9995287719830594,7.3855749889407845
545,0.05084465071558952,1.998111793109747,7.375117196199666
546,1.9795359373092651,1.9484860518663845,7.01805456309433
547,8.112031936645508,1.9988606122225248,7.380641893156338
548,2.5093724727630615,1.9985524252146205,7.378367625682718
549,7.037999153137207,2.02751581937966,7.59519506741094
550,0.18333366513252258,2.0107683557361087,7.469054033639096
551,1.443806529045105,2.0220053804009877,7.553457310755085
552,0.16092036664485931,2.004970320323082,7.425873495960935
553,1.978805422782898,2.0039771054774245,7.418501669672437
554,1.2417869567871094,2.0044650565176925,7.422122418581641
555,0.1647510677576065,2.0017041447847803,7.40165885575727
556,4.609594821929932,2.03086250574288,7.620656384926551
557,0.000259365770034492,2.0125252294245364,7.482187751912057
558,0.3015117943286896,1.9840290501418714,7.271983225454743
559,5.848577499389648,2.041500628933609,7.702158613085145
560,0.003700434695929289,2.0261421350048114,7.584768829442538
561,0.0023286626674234867,2.025896516785324,7.582906100796836
562,0.07432971894741058,2.0079625840935114,7.4481269456782515
563,0.8680688738822937,2.005243793919981,7.427904554003708
564,0.2289573848247528,1.998143798604906,7.375353244254783
565,0.002085060114040971,1.9647552825983803,7.133166766514019
566,15.15847396850586,2.1142918380078117,8.283717474644408
567,2.7054154872894287,2.1217867084320825,8.346036107066778
568,2.0668511390686035,2.141431225585584,8.511610950790551
569,0.016257451847195625,2.1075933270815947,8.228414333765254
570,0.13587665557861328,2.0915508203868014,8.09746314288305
571,0.0027070327196270227,2.0838433762391286,8.03529229491034
572,0.5516184568405151,2.0748362596829613,7.9632424484349675
573,0.005085153039544821,2.034944036033303,7.651823887078604
574,0.40674880146980286,2.0384426699842515,7.678641703422843
575,0.004003130830824375,2.0321486557631943,7.630463997969726
576,0.8683128952980042,2.0165619559197876,7.512452341290365
577,0.0398324690759182,2.0151388410463187,7.501768862339211
578,2.4976627826690674,2.0006794647111747,7.394078407846381
579,1.8050453662872314,1.9847716764345023,7.277385597120877
580,0.000992877990938723,1.9475279035275526,7.011333446200555
581,0.001885542762465775,1.933349117344078,6.912622701390008
582,0.7174772024154663,1.938379424517807,6.947482922255114
583,1.8681678771972656,1.954640322929081,7.061378750863889
584,2.82619571685791,1.9828920535948782,7.263719704325334
585,8.828144073486328,2.07115183720558,7.933956483029388
586,2.1228716373443604,2.086504260992697,8.056701753086626
587,2.6582934856414795,2.0701413578745633,7.925943433182549
588,2.076352596282959,2.028211717104605,7.600482385881937
589,3.965937376022339,2.0105452794787197,7.467388050846547
590,2.5877435207366943,1.9443206543680935,6.988882375232929
591,1.661523699760437,1.9063489420172481,6.7284778351315015
592,0.00014578233822248876,1.9058729229755773,6.725275713756358
593,0.0988880917429924,1.8339079502858295,6.258296041937015
594,0.7742056250572205,1.8101356670893802,6.111276475084195
595,0.013619476929306984,1.8102625928649285,6.1120522028192665
596,1.9417835474014282,1.8191262803801873,6.166468331134331
597,0.014245601370930672,1.8091574724034944,6.105301379791967
598,0.020272206515073776,1.7797366812469044,5.928295181753456
599,0.005480384454131126,1.7656605351173857,5.8454321964083
600,1.9944584369659424,1.7422110879623869,5.709954687301207
601,4.915811061859131,1.7375647819244842,5.683486028722984
602,0.42720234394073486,1.7311393404209594,5.647084195874444
603,0.4508540630340576,1.692816135903595,5.43476420943573
604,0.8297157287597656,1.6755749178135375,5.341865399993612
605,0.0681324154138565,1.6017765905165653,4.96183975602293
606,0.02268565073609352,1.5854128768125155,4.881306340721389
607,0.8304254412651062,1.5883827610889056,4.895824804077635
608,0.30316123366355896,1.5912854758387038,4.910056632425068
609,0.2920619249343872,1.5752365604525038,4.831884515710245
610,0.004265140276402235,1.5333852337363714,4.633836921872712
611,13.460384368896484,1.6675552638683075,5.299196810410142
612,0.00012206286191940308,1.6625678457382673,5.272833297741669
613,0.005726716946810484,1.6023860839770714,4.964864886711342
614,1.016943097114563,1.602155009882299,4.963717767591838
615,0.7392466068267822,1.6094261388031372,4.999941132191729
616,1.2887356281280518,1.6112398938385377,5.009018029742906
617,2.6253914833068848,1.6374304190061593,5.141939891206709
618,0.6770282983779907,1.6366853937290216,5.138110442709333
619,5.038811683654785,1.6656544622562433,5.289133655630569
620,1.2455236911773682,1.6469047221324944,5.190887695421749
621,3.393653392791748,1.6808407899629674,5.37006917379011
622,6.034924030303955,1.7349358799945913,5.668564323776834
623,0.40743187069892883,1.7260801094662748,5.618586441851861
624,0.6248549222946167,1.6914238124978147,5.427202525398439
625,1.1142024993896484,1.7025258667379968,5.487791329980723
626,0.1251721829175949,1.7020719316214672,5.485300794097473
627,5.188627243041992,1.7506323060006252,5.75824249642786
628,0.26490721106529236,1.7149246614784353,5.556256896412655
629,3.3130455017089844,1.7226228445381275,5.599195039922515
630,0.08889026939868927,1.6419615687042823,5.165291655809555
631,2.529026985168457,1.6668118902653806,5.295258991201332
632,4.324347496032715,1.7086408823341481,5.521452072644383
633,0.633978009223938,1.7149144598268322,5.5562002137047095
634,0.9856815338134766,1.7207307817958644,5.588611027566011
635,3.1064279079437256,1.742750025036221,5.713032822958313
636,3.1413934230804443,1.7008396794818692,5.478545683312239
637,1.0067737102508545,1.7108886849015834,5.533877166136167
638,1.4216198921203613,1.7231816317766788,5.6023246729750555
639,5.227283477783203,1.7673983540266636,5.855599330772555
640,0.0031771203503012657,1.76737098785321,5.855439087618225
641,0.06818831712007523,1.7643974928019452,5.83805382876835
642,0.9756311178207397,1.7649907652495314,5.841518412872008
643,0.6507359147071838,1.7706686052886653,5.8747799575141935
644,2.777537883957848e-05,1.761174077706455,5.81926565523756
645,3.4247984886169434,1.7949136160854686,6.018954758475915
646,0.8724132776260376,1.7838423894886364,5.952685066755178
647,0.4680302143096924,1.7074023722652782,5.514617931607452
648,3.564294092939235e-05,1.682309003967057,5.377959375388862
649,0.8085774779319763,1.6200147872150046,5.053165038249277
650,2.88149356842041,1.6469963862478836,5.191363535358825
651,1.1277775764465332,1.6438360967218977,5.174983220454359
652,3.211270332336426,1.6743395963788135,5.335270553379934
653,0.017013197764754295,1.654721674128632,5.231623623321014
654,0.33239659667015076,1.6456277705274625,5.184263413391458
655,4.999024868011475,1.6939705085300012,5.441041574982462
656,0.050442811101675034,1.6483789884217186,5.198546090031658
657,0.6777490973472595,1.6551538857374908,5.2338852805062315
658,0.3499840795993805,1.6556386085901977,5.236422879276511
659,2.158323287963867,1.6187360664759398,5.046707580839204
660,0.2546629011631012,1.6212456911406117,5.0593888285897615
661,8.070142939686775e-05,1.6212232115282312,5.059275096768341
662,1.3719613552093506,1.6341995278908508,5.125353651891548
663,10.746006965637207,1.7329789088083998,5.6574819542039725
664,1.8550931215286255,1.7492402661754385,5.750232370050695
665,1.3390355110168457,1.7626097706844666,5.827626334324
666,2.450486898422241,1.6355298999836305,5.132176817023535
667,0.9765012264251709,1.618240757374988,5.04420851959955
668,0.09894413501024246,1.5985616873344042,4.945913535946973
669,0.5999035239219666,1.604398148055152,4.9748645696302525
670,0.05451143532991409,1.603584495852665,4.970818406424125
671,4.361485481262207,1.6471722803380908,5.192276745836621
672,3.026618242263794,1.6719222781923235,5.322389082421075
673,2.0658111572265625,1.6925295382341938,5.433206841859179
674,0.7957948446273804,1.6964199986657695,5.454385689114597
675,0.44947105646133423,1.7008746779220747,5.478737427221099
676,2.0451035499572754,1.7126425844686672,5.543591547436475
677,2.1280648708343506,1.7335249084862516,5.6605717809738705
678,0.2265031337738037,1.710813311997299,5.533460077460993
679,2.1154184341430664,1.7139170426758574,5.550661127166476
680,0.018288791179656982,1.7140900018077445,5.551621247724846
681,0.0004980515805073082,1.714076126895925,5.551544220003956
682,2.233490467071533,1.7292362595424857,5.636347557508153
683,0.2162039577960968,1.712716620348474,5.54400198730743
684,5.282285213470459,1.7372775153145994,5.681853587443348
685,0.005657138302922249,1.6490526459627655,5.202049309660363
686,0.02001657895743847,1.6280240953788963,5.093799905607386
687,0.07131540775299072,1.6021543146000112,4.963714316407993
688,1.970379114151001,1.6010945797786917,4.958456881739132
689,1.618241548538208,1.5776176215038504,4.8434032356808805
690,0.001453415839932859,1.5517547204548827,4.719744753348839
691,3.3389453887939453,1.5685289373452178,4.799582511427548
692,0.00608555693179369,1.5685883350911536,4.799867604277012
693,0.0020369987469166517,1.5676198241611927,4.795221130483437
694,2.72501802444458,1.5871279481550664,4.889685312553933
695,0.8229122757911682,1.595220876143685,4.929417742665636
696,0.3497772514820099,1.5793008131844908,4.851562476570006
697,2.4357247352600098,1.6035156045233816,4.970475971931999
698,0.002413457492366433,1.6033370170331545,4.969588386361136
699,0.14157360792160034,1.6046979492678293,4.976356263655799
700,0.034341152757406235,1.585096776425744,4.879763601742177
701,1.6326794624328613,1.5522654604314812,4.722155931363802
702,6.666637897491455,1.6146598159669885,5.0261778071710355
703,0.7237009406089783,1.6173882847427377,5.039910302201874
704,0.005328618921339512,1.6091444136443533,4.998532721384047
705,0.10318657755851746,1.6094949552658,5.000285222293364
706,0.014627831056714058,1.6094143770690061,4.999882324559302
707,6.568216485902667e-05,1.6011107794780037,4.958537207900297
708,0.0010593285551294684,1.5980897604269193,4.943579976945218
709,0.00010311071673640981,1.595170172284743,4.929167808500112
710,0.0015835139201954007,1.5951433560211807,4.929035628409313
711,4.779722213745117,1.5083367344696672,4.519207897041146
712,0.00739621976390481,1.508409476038687,4.519536643270917
713,0.0020762570202350616,1.5083729714394212,4.519371662408185
714,0.413191020488739,1.502335450673163,4.4921680659199446
715,1.173139214515686,1.5066743767500521,4.511701597712867
716,3.1571831703186035,1.5253588521719577,4.5967928424619195
717,2.345801830291748,1.522562955641806,4.5839586352220545
718,2.877995491027832,1.5445726275683045,4.685968545249505
719,0.03033021278679371,1.4944878128596246,4.457053122832515
720,0.817789614200592,1.490210472089857,4.438029502055679
721,0.21745331585407257,1.4584484713204802,4.2992838887064595
722,4.447319984436035,1.4425724308618009,4.231567242174241
723,0.2825583219528198,1.4413236953743398,4.226286431845205
724,0.003338955342769623,1.4351085357048214,4.200100844955755
725,0.04039706289768219,1.4243704813399019,4.155241217351629
726,4.596370697021484,1.4690824664809405,4.345246402219171
727,0.26922306418418884,1.4198884246923626,4.136658865516189
728,4.051042556762695,1.4577497781493367,4.296281057563578
729,4.234602928161621,1.466965352413863,4.3360567511383685
730,7.565052032470703,1.541726970044583,4.67265283855888
731,0.9066134691238403,1.525502834884137,4.597454748813097
732,0.07884898781776428,1.4830478498019875,4.40635514417698
733,5.380304336547852,1.5305111130752267,4.6205378361785
734,0.07341184467077255,1.5213884161837996,4.578577755577443
735,0.10488494485616684,1.491372986552924,4.4431917755667705
736,0.6975582242012024,1.4669346345641316,4.335923558844361
737,0.8574790954589844,1.465441688416213,4.32945508821013
738,5.2399749755859375,1.5036252392508687,4.497965751070814
739,0.0009093916742131114,1.4513614983897787,4.268922691730973
740,5.492226600646973,1.5062519931927454,4.5097963315473955
741,0.6234446167945862,1.5118045561894906,4.534906909297999
742,1.044221043586731,1.5124904554471506,4.538018465565723
743,2.487725257873535,1.530860348878814,4.6221517752289705
744,0.025675669312477112,1.5311168278181504,4.623337411852646
745,0.3103908598423004,1.499972751530404,4.481566952833458
746,0.02036542259156704,1.4914522729800592,4.443544074333803
747,3.448638677597046,1.5212583576129328,4.577982311020124
748,0.00019095504831057042,1.5212599107340066,4.577989421186448
749,5.07818695041351e-05,1.5131746437733817,4.541124387220593
750,0.0032907165586948395,1.4843926152547646,4.412284644347454
751,0.08410582691431046,1.4739558977594425,4.3664743463979026
752,2.6833109855651855,1.4686763042917301,4.343481885791972
753,0.6107773780822754,1.4746139460949053,4.369348643182777
754,0.00216166814789176,1.4713115968096826,4.354943326598978
755,2.754516124725342,1.4488665093768214,4.258285052432774
756,0.014533373527228832,1.4485074150010768,4.2567562007375805
757,1.362584114074707,1.4553557651683513,4.286008006756795
758,1.0618810653686523,1.462474735026044,4.31662883361728
759,1.4760665893554688,1.4556521680399601,4.287278580129232
760,6.97391939163208,1.52284473294465,4.585250472719331
761,0.02826874703168869,1.523126613400673,4.586543147394864
762,1.7449511289596558,1.5268565111381758,4.603682428315525
763,0.7952704429626465,1.4273491459114303,4.167636739037676
764,2.161756992340088,1.4304157846195449,4.180436992027195
765,1.1745749711990356,1.4287711792213669,4.173567473155621
766,1.7143597602844238,1.4214099078399887,4.142957512695251
767,1.143505334854126,1.4230799489242782,4.149882202600803
768,1.3934264183044434,1.43602477175722,4.203950892280355
769,0.27357059717178345,1.4327614424897184,4.190254376569604
770,1.2709544897079468,1.4449258730334986,4.241537718842532
771,0.00010847456724150106,1.401312102966549,4.060524299023274
772,0.9704895615577698,1.3807508161594888,3.9778871685250228
773,1.0843709707260132,1.3709364142944833,3.9390375400530933
774,0.5737757086753845,1.3687162229349632,3.930301824010857
775,2.660665512084961,1.3908281674911995,4.018176398485615
776,2.420915126800537,1.394586283259632,4.033305581373163
777,1.1966183185577393,1.3852718177368661,3.9959119169452473
778,0.0006528153317049146,1.383013314552445,3.986897320735115
779,1.0164114236831665,1.3720232444478462,3.943320932065021
780,4.3430352210998535,1.415270708747048,4.117600985715018
781,2.275613784790039,1.4380218660791433,4.2123549678095085
782,1.2732834815979004,1.428419796224407,4.172101210133923
783,6.0084710121154785,1.4863424667676008,4.420896337269121
784,0.3676852285861969,1.4371964669187582,4.208879528065671
785,5.023462772369385,1.4873745232594229,4.425461307281945
786,0.31463295221328735,1.4903206869919814,4.438518665998956
787,0.8266045451164246,1.4978735783656156,4.472169234919438
788,1.7684910297393799,1.4958546975214995,4.463149566001403
789,4.570582866668701,1.5253781107028044,4.596881370791132
790,0.019955933094024658,1.5255631358753454,4.597731988250308
791,1.2253048419952393,1.5044267304073582,4.501572275948322
792,0.0008942657150328159,1.5043748174951908,4.501338592287798
793,0.25196805596351624,1.5068741280673565,4.512602906066063
794,0.3622075021266937,1.4832460228441777,4.407228451511
795,0.9812730550765991,1.484829630637032,4.414213302003813
796,0.23520921170711517,1.4836839502392831,4.409158920258127
797,2.4082651138305664,1.4834093540249886,4.40794834812727
798,0.0018736441852524877,1.4834039558919176,4.407924553499741
799,0.0006970121758058667,1.4819951899344597,4.4017191914234255
800,0.9887470006942749,1.4915392484138283,4.443930570314724
801,4.1847662925720215,1.51706011671522,4.5588031260421555
802,0.0019696613308042288,1.4504134343536135,4.264877397555736
803,0.11382881551980972,1.4443147131027216,4.238946252924625
804,0.24139223992824554,1.4466753493127908,4.248964683224088
805,3.0207653045654297,1.47585113658286,4.3747577050927084
806,0.8262266516685486,1.4839671247889783,4.410407658647027
807,8.54257869720459,1.5693922549393755,4.803727864574961
808,0.7126326560974121,1.5765079882147983,4.8380318149230535
809,0.05744653567671776,1.5770814224643983,4.840806903655804
810,3.238368511199951,1.6094492724371958,5.000056800338102
811,2.275235176086426,1.584404402060609,4.876386147882572
812,1.1936640739440918,1.5962670806024106,4.934577620159711
813,3.821578025817871,1.634462098290387,5.126699594742334
814,0.0919995978474617,1.6312501840639744,5.110259491613543
815,0.6330046057701111,1.6258488379765186,5.082731622203543
816,0.003718368476256728,1.594314189958095,4.924950333270598
817,3.146977186203003,1.6023259435172077,4.964566306432362
818,0.0002383901592111215,1.5735483725085215,4.82373426803471
819,0.0001597276859683916,1.5732466676575132,4.822279143526169
820,0.003733214223757386,1.5651061036577447,4.783182422122367
821,2.442016363143921,1.5873517341306433,4.89077967799912
822,2.4307072162628174,1.5671856064489111,4.793139412526386
823,0.08258230239152908,1.5651858462532982,4.783563860711962
824,0.31564173102378845,1.5683088740101083,4.798526415501208
825,4.961394309997559,1.6175188464811072,5.040568364610107
826,5.016360282897949,1.6217187423398718,5.061782744720456
827,0.0014022289542481303,1.6190405339875724,5.048244373278092
828,0.36746683716773987,1.582204776791623,4.86567171388026
829,0.01315674465149641,1.5399903149565217,4.664545094447312
830,0.9853992462158203,1.4741937870939728,4.367513207636516
831,3.476707935333252,1.499894731756067,4.481217315630607
832,0.0003083468764089048,1.4991093253466534,4.477699120616246
833,1.7537094354629517,1.4628433763358044,4.318220414667492
834,0.04944181069731712,1.4626036759960699,4.317185459811518
835,8.584827423095703,1.5474031007784652,4.699250842405946
836,2.873500347137451,1.5691625220078276,4.802624416844268
837,2.264956474304199,1.5832372957962797,4.870698206923498
838,3.646925926208496,1.5673068053025054,4.793720370733325
839,0.7587400674819946,1.5748851120605831,4.8301866560397535
840,0.3681567907333374,1.523644413961447,4.588918676980799
841,2.4451870918273926,1.5418618387117748,4.673283075518121
842,4.955582141876221,1.5809754496946697,4.859693886902679
843,0.44601166248321533,1.5605583137407666,4.761478902263076
844,3.6493778228759766,1.5967953352764015,4.937185022477328
845,0.27331504225730896,1.5964245771005516,4.935354860059366
846,0.6664721965789795,1.6028856448404258,4.967345758522224
847,3.380683422088623,1.6022060922853416,4.963971332699734
848,0.4678947925567627,1.606883130660426,4.987242394519585
849,0.29078319668769836,1.609790454808608,5.0017630226243694
850,0.5815719962120056,1.615573267605141,5.030771075067301
851,2.1619880199432373,1.6363520895354304,5.136398174320613
852,0.0016790828667581081,1.609535770508446,5.0004893143130165
853,0.051796142011880875,1.6039459581477422,4.972615494623969
854,0.00010549465514486656,1.6039253964128148,4.972513250073439
855,0.05694464221596718,1.576949681587721,4.840169213516343
856,0.09037338942289352,1.5777080817466775,4.843841390931206
857,3.878535270690918,1.6028675933128398,4.967256091152553
858,6.094500541687012,1.6531937880760232,5.22363640189036
859,4.106575965881348,1.6794988818412822,5.3628678671783305
860,0.16429367661476135,1.6114026246911088,5.009833217843759
861,1.060327172279358,1.6217232089435856,5.061805353748555
862,0.007672365754842758,1.6043504213115376,4.97462714121031
863,1.6156114339828491,1.6125538312217396,5.015603891542824
864,1.0361652374267578,1.6012979136726062,4.9594652065945395
865,0.11338158696889877,1.5906859798303048,4.907113955222666
866,0.590054988861084,1.5794429321160715,4.852252024443415
867,5.306945323944092,1.6210773320069711,5.058537105969483
868,0.008902383036911488,1.6072320916542957,4.988983051275237
869,0.10099848359823227,1.6055063705185604,4.980380882385012
870,0.29115861654281616,1.595708411786909,4.931821595449867
871,2.4482500553131104,1.6201898275943676,5.054049623591375
872,0.0007188120507635176,1.6104921200992977,5.005273817687079
873,7.426576137542725,1.6739141717674648,5.333001280714769
874,2.66276478767395,1.6948040625574503,5.445578867877476
875,3.06428861618042,1.698840293598405,5.467602899480226
876,11.989520072937012,1.7945263430597698,6.016624230959405
877,0.19578386843204498,1.7845179985585127,5.9567081136268465
878,1.494346261024475,1.7994549330154406,6.0463508998177495
879,5.787512302398682,1.8471659418025956,6.341820940511226
880,3.9874086380004883,1.843609675971602,6.319307794487208
881,0.3241194784641266,1.8240947329083428,6.197182373752643
882,1.7905051708221436,1.8292669498005854,6.229318581186119
883,0.002039021346718073,1.7692026298928978,5.866173984254703
884,1.1752873659133911,1.7772786512661696,5.913741148914437
885,0.029300300404429436,1.72733702654652,5.625652979212879
886,2.184953212738037,1.7460402291517676,5.731860824062907
887,1.0042369365692139,1.7478165530662955,5.742051513822819
888,0.6210768818855286,1.736342411587757,5.67654294836453
889,0.002060672966763377,1.6906571896507376,5.423043502351491
890,0.24614053964614868,1.692919035716259,5.435323474428391
891,2.077695846557617,1.7014429457618825,5.481851702291116
892,7.63334846496582,1.7777674877543905,5.916632708062149
893,0.0185721255838871,1.7754335284505942,5.902839630608075
894,3.971893310546875,1.811530386534796,6.119805937941504
895,0.4361751079559326,1.8060794070635893,6.086537755870015
896,2.6597323417663574,1.8303246383641818,6.235910745822453
897,0.26034286618232727,1.8088454158876994,6.1033964779494845
898,4.0804643630981445,1.8496313230768282,6.357475236077036
899,2.0704264640808105,1.8703286175958782,6.4904289180231896
900,0.06142706796526909,1.8610554182685883,6.430520079554296
901,0.003109978511929512,1.8192388551279874,6.167162558827046
902,0.000567275274079293,1.8192248312674202,6.167076072005666
903,0.5630002021789551,1.8237165451340116,6.194839118266806
904,3.681830406188965,1.8581209267966188,6.411677433534087
905,0.00037543877260759473,1.8279170281386905,6.220915162349214
906,0.0015403084689751267,1.8196701647066948,6.169823088826906
907,8.148161888122559,1.8157259966158745,6.145536196751158
908,2.771207094192505,1.8363117409968255,6.2733577711992465
909,2.9252266883850098,1.8649895425239083,6.455868373549052
910,4.8040190449682996e-05,1.8326063378138133,6.2501554648429085
911,4.541770613286644e-05,1.8098544402300103,6.1095580616377
912,1.0854583978652954,1.8087723834692224,6.1029507484203265
913,0.19624736905097961,1.7725190769015535,5.885661135608142
914,5.1377883210079744e-05,1.771599594701911,5.8802518622072295
915,0.7098320722579956,1.77236786936679,5.8847712465780315
916,0.00121007626876235,1.7723427864447148,5.884623641170618
917,0.005699336528778076,1.7409300079479726,5.702644461959661
918,0.00011097769311163574,1.7409287338233117,5.702637196084349
919,0.033359065651893616,1.741260727202971,5.704530748186037
920,0.09554675221443176,1.7421788625828776,5.709770684809219
921,0.6321002244949341,1.7240797011963878,5.6073582093373675
922,1.2499427795410156,1.7122720568291698,5.541537874040939
923,6.183557987213135,1.7732818136773858,5.890152058284576
924,0.026546696200966835,1.7703908633291576,5.8731485111881545
925,0.06556298583745956,1.7214325500875567,5.592534314037771
926,4.153352737426758,1.7128024746328447,5.544477984063488
927,1.5168681144714355,1.7279571334880166,5.629142567522886
928,2.6207633018493652,1.7504900981348328,5.757423687273659
929,2.054084539413452,1.7708993760824523,5.876135841591518
930,4.774533271789551,1.8087907163381898,6.103062634042301
931,0.010302693583071232,1.7741266639206879,5.895130457388831
932,2.570185422897339,1.799825434680897,6.048591497943104
933,0.0008742563077248633,1.782297082889345,5.94349344700246
934,1.3719604015350342,1.7955222687977221,6.022619326726164
935,0.945275068283081,1.7191267452495957,5.579653876953894
936,3.1901907920837402,1.7222936496990586,5.597352117169405
937,0.4282666742801666,1.7039267516988184,5.495484481675138
938,0.963725209236145,1.677094744529095,5.349990282382137
939,0.1537838578224182,1.6710451824324992,5.317722884175237
940,3.7633705139160156,1.704997319664326,5.501370921670998
941,2.3454718589782715,1.7040001673358347,5.4958879509793706
942,1.7243191003799438,1.671687536920872,5.321139844670272
943,0.9391539692878723,1.6766189599889185,5.347445445160796
944,6.8226318359375,1.7083515001195337,5.519854493782317
945,1.3244303464889526,1.7188626531618503,5.578180529070955
946,0.8187569379806519,1.7203855005758668,5.58668171822863
947,1.1941728591918945,1.6985203949468997,5.465854100419859
948,0.3132944107055664,1.6969743911283877,5.457410397789229
949,4.489926338195801,1.7389658225434688,5.691454404212084
950,0.022417349740862846,1.7333742760787572,5.659719179635015
951,3.9491076469421387,1.7512454723487463,5.761774339644037
952,0.18138328194618225,1.7530425143395405,5.772137799070793
953,0.057528696954250336,1.7530998398889641,5.772468699525908
954,1.4400136470794678,1.7674989214132075,5.85618824270607
955,0.24955344200134277,1.7694250094110613,5.867478646258463
956,4.235769271850586,1.8108789682353381,6.115820682539474
957,4.572384834289551,1.8178174638713245,6.15840283485985
958,0.00020704510097857565,1.7568745289054641,5.794299149383231
959,0.01853608526289463,1.7159941300992796,5.5622023174666655
960,6.081234455108643,1.7751635378842183,5.90124613471709
961,0.42268720269203186,1.768787138188345,5.863737143905315
962,6.647589206695557,1.8351863065977523,6.266301490001433
963,3.3777918815612793,1.8528081110735366,6.377703700856322
964,4.626586437225342,1.8887123230715224,6.610850558183551
965,0.00419581588357687,1.8876204653606692,6.603636389166034
966,0.0003899767471011728,1.8817238152395293,6.56481163633984
967,2.074882984161377,1.8494031918417022,6.356025062820344
968,0.004108560271561146,1.8493552536140487,6.3557203735471015
969,0.24008694291114807,1.850746138207178,6.364566597705221
970,0.28710266947746277,1.8507055787365243,6.364308459488089
971,2.908998727798462,1.8553130654613779,6.393699583840526
972,1.7654727697372437,1.8729606050382426,6.507534145929006
973,5.386263370513916,1.8525574773679545,6.376105433642856
974,0.8147608637809753,1.8340774381290248,6.259356836928629
975,1.3520691394805908,1.8169552433620266,6.15309522212621
976,9.943809509277344,1.7964981377254299,6.028499482454512
977,0.1551085263490677,1.7960913843046,6.026047868302575
978,0.0001538873475510627,1.7811494605678309,5.936676473658478
979,0.14581917226314545,1.7247325292664755,5.611020045320067
980,0.05398593097925186,1.685398302196263,5.394599185197617
981,1.7958465814590454,1.7001155732262123,5.474580070047011
982,0.0009682258241809905,1.6822202037762326,5.377481832773333
983,4.729525566101074,1.7294950692237763,5.637806487607628
984,1.5240004062652588,1.732982199627295,5.65750057198312
985,0.26428595185279846,1.7353320561417787,5.670810518665751
986,2.40202260017395,1.7375027500161377,5.683133482173242
987,9.194916725158691,1.8194095479020325,6.168215338760606
988,8.741154670715332,1.9006103257903306,6.6899762615819105
989,0.1792215257883072,1.902381934318546,6.7018387853519865
990,0.029968515038490295,1.9002202140724693,6.687366932448081
991,0.2236344814300537,1.8816796004211938,6.564521380802778
992,0.0001419681793777272,1.8053475354533293,6.082084821368653
993,0.015258724801242352,1.805314401445503,6.081883300861191
994,0.16786843538284302,1.7672741526938625,5.854872102693607
995,0.9205679893493652,1.7721180815077968,5.883301485739533
996,0.19248344004154205,1.7474455924905488,5.739921834125309
997,1.1153230667114258,1.7559953944958397,5.7892074201064965
998,0.030832113698124886,1.7154990720018395,5.55944938565662
999,0.0013563965912908316,1.6948083713269444,5.44560233167213
1000,0.07398957014083862,1.6949339963487,5.446286478555602
1001,0.4340292811393738,1.6992431893749744,5.469806217420326
1002,0.0003256267518736422,1.6992407728897525,5.469792999730405
1003,4.124556289752945e-05,1.6936111833235918,5.439086822812345
1004,0.0060869790613651276,1.6568537490523159,5.242789736123143
1005,0.4683457612991333,1.661533452277581,5.26738193337309
1006,0.44776421785354614,1.665995691371427,5.29093876998924
1007,0.8108552694320679,1.592622625184522,4.916626502909161
1008,6.7011823654174805,1.6319223778967717,5.113695731307978
1009,1.3180837631225586,1.6158509486441472,5.032168218777609
1010,0.29888591170310974,1.6188393273592738,5.047228735228898
1011,0.9631372690200806,1.6284702458724132,5.096073013985656
1012,1.8078372478485107,1.6356940343722455,5.133019252862116
1013,0.00048101297579705715,1.6337363708114936,5.122980357709892
1014,0.0022702652495354414,1.6337585596851567,5.123094032134977
1015,1.8548343181610107,1.6452085821441869,5.182090685815619
1016,0.00012933371181134135,1.6451977747186175,5.182034681058872
1017,1.656055212020874,1.6617013334735384,5.2682663019839815
1018,4.917058944702148,1.7108708131436288,5.5337782669066575
1019,0.0649699792265892,1.7111869222793756,5.535527821282517
1020,0.130466029047966,1.711536115047711,5.537461125094838
1021,0.0003971264814026654,1.7052190840675758,5.502591065197698
1022,4.4225667807040736e-05,1.6927200985288438,5.434242294010758
1023,0.0016500442288815975,1.6309010190990012,5.108475479512537
1024,0.08168449997901917,1.6314523971367816,5.111292957374807
1025,5.49519157409668,1.6857486830193738,5.396489680477783
1026,3.145448684692383,1.67566964249203,5.342371430442584
1027,2.352113723754883,1.6840220985848646,5.38718022448808
1028,5.639344215393066,1.7142079077203016,5.552275855284523
1029,0.26005247235298157,1.6962675870496968,5.4535544407245995
1030,1.5663223266601562,1.6641854775984029,5.2813697033967015
1031,1.9616248607635498,1.6836986992702077,5.385438295780005
1032,0.6139774322509766,1.6641366193637441,5.281111671299961
1033,6.543936252593994,1.7295672393266068,5.638213383364255
1034,3.814624506048858e-05,1.7158480167737071,5.5613896649596795
1035,0.10429880768060684,1.7074382541676822,5.514815810139977
1036,4.256605625152588,1.7181024024983709,5.573941325255659
1037,0.0014325842494145036,1.7138340615980632,5.550200546433681
1038,1.8635547161102295,1.722832356666804,5.60036826209205
1039,2.4070539474487305,1.7453650575630673,5.727992140643644
1040,0.25602978467941284,1.7102916502707013,5.530574235904913
1041,0.35101667046546936,1.6903470983855733,5.42136212463455
1042,0.002841603709384799,1.6731323234188675,5.328833312042406
1043,0.0005942009738646448,1.6637467257357275,5.279053000867798
1044,0.9207538366317749,1.6047279457426702,4.976505539040119
1045,1.2095786333084106,1.6035794286108649,4.970793218149132
1046,4.8955464363098145,1.6443473235941566,5.177629487303872
1047,0.28181421756744385,1.635223737177912,5.130605775879246
1048,3.0926687717437744,1.663017480788294,5.275204681493956
1049,0.20268216729164124,1.6201450390792524,5.053823265282579
1050,1.4684196710586548,1.6346050622924304,5.127432580627722
1051,2.9916012287139893,1.6250299981101488,5.0785713824387635
1052,0.11039033532142639,1.6243200686439012,5.074967234464727
1053,0.7454771995544434,1.6311995536699033,5.11000076371148
1054,1.5592868328094482,1.632392285527203,5.11609926062598
1055,0.15271379053592682,1.631423889012549,5.111147246077176
1056,1.0218185186386108,1.5992843814804292,4.9494892106100945
1057,0.00040046300273388624,1.5535645377675609,4.728294363397369
1058,0.00490106176584959,1.5536114779342096,4.728516315531945
1059,0.00010132275929208845,1.5534271303091736,4.727644705121356
1060,0.0019922663923352957,1.4926347084220106,4.44880138593841
1061,0.00011121608258690685,1.4884089485559162,4.430041484924245
1062,0.005652515217661858,1.4219895816411372,4.145359772820993
1063,0.00011157367407577112,1.388212778562265,4.007681035129656
1064,0.011486704461276531,1.3420617812346245,3.826925660447417
1065,0.00017987063620239496,1.3420216217821508,3.826771976294192
1066,0.0018040348077192903,1.342035762362757,3.8268260894543795
1067,0.00039152585668489337,1.32129084777971,3.7482566845856633
1068,1.500959038734436,1.3362593525643387,3.8047844956618793
1069,0.7022352814674377,1.3408808359499016,3.822408938159601
1070,9.274052717955783e-05,1.3380107366603988,3.8114539734203556
1071,0.0002739054325502366,1.3089234884367398,3.7021861200831645
1072,0.41416218876838684,1.295410382627051,3.6524945869417897
1073,1.0951995849609375,1.2524997447715214,3.4990788382076743
1074,2.000417470932007,1.2643563108430316,3.5408128195901067
1075,1.376678466796875,1.2646024041161945,3.5416842970345073
1076,0.46691447496414185,1.1698334537730626,3.2214560724940973
1077,2.1366517543792725,1.1896488860533645,3.2859272699211055
1078,10.810482025146484,1.297752167431354,3.661057966145502
1079,1.2391889095306396,1.308685864804029,3.701306497682013
1080,0.3254597783088684,1.3114006032773249,3.711368228136702
1081,1.4889521598815918,1.3083316590615504,3.6999957058245667
1082,0.35997018218040466,1.3119216786251127,3.71330263456893
1083,0.9285109043121338,1.2739115320072232,3.574808227347762
1084,3.870156764984131,1.297373095594412,3.6596704251825907
1085,0.895236074924469,1.3036825968251287,3.6828341190667038
1086,2.6097021102905273,1.3057593919262944,3.6904905585997434
1087,8.065966606140137,1.294469890736109,3.64906106025615
1088,0.07076578587293625,1.207766001887685,3.3460013361352012
1089,0.00159327348228544,1.2059897193646247,3.3400631679332182
1090,3.1828370094299316,1.2375184043085392,3.4470486608627926
1091,0.0269381795078516,1.2355514412893172,3.4402751074698075
1092,1.3851429224014282,1.2494014508315376,3.488254440689346
1093,0.44164973497390747,1.2536653609332644,3.5031597990075802
1094,7.101635456085205,1.3230030311402878,3.754679884591098
1095,0.6902293562889099,1.3206996448096833,3.7460413590193657
1096,7.839132785797119,1.3971661382672391,4.043724358663215
1097,0.006003561429679394,1.3860729432144216,3.9991144264226652
1098,0.0007018963224254549,1.3857716410406646,3.9979096660604534
1099,0.09938966482877731,1.3867519737230396,4.001830869295078
1100,0.8916593790054321,1.3949286718116856,4.034686775470189
1101,1.234820008277893,1.4029365790830708,4.067125884374705
1102,3.5200891494750977,1.4381342143103029,4.212828245024589
1103,0.021665796637535095,1.4383504598210493,4.213739348727613
1104,0.1741468757390976,1.4400310587878267,4.220826908728179
1105,0.389821857213974,1.439245819746975,4.217513851595907
1106,2.7124223709106445,1.461892401277546,4.314115846737275
1107,0.00015496007108595222,1.4537853981839362,4.2792826832831
1108,0.12034090608358383,1.3879769835905973,4.006736155496835
1109,2.2262306213378906,1.3970584521727505,4.043288929225111
1110,0.020814090967178345,1.3942777339653913,4.032061299753552
1111,0.05403110757470131,1.3851866723509374,3.9955716979671854
1112,12.613655090332031,1.4932448507757727,4.451516616341747
1113,2.0739266872406006,1.5139793075184207,4.544779935923214
1114,0.002529875375330448,1.5139819036196787,4.544791734647438
1115,3.845231056213379,1.5338858710002023,4.636157374114282
1116,11.138082504272461,1.645265402705809,5.182385143484309
1117,0.34424012899398804,1.63214725187554,5.114845797718446
1118,0.013093916699290276,1.5831076015955114,4.870066546574595
1119,0.476568341255188,1.5872235852157974,4.890152970047463
1120,3.2252259254455566,1.6181711841797732,5.043857590103298
1121,2.0845134258270264,1.6390123471732294,5.15008050799183
1122,0.03472142294049263,1.6393591191459564,5.151866721255738
1123,0.08276031911373138,1.6401702218948049,5.156047109648123
1124,3.891937255859375,1.6782727494536085,5.356296310817921
1125,0.05049789324402809,1.623825812645082,5.072459521242483
1126,2.1275429725646973,1.613646755523805,5.021088563545139
1127,0.38640260696411133,1.5939896443558974,4.92335222164297
1128,0.043297793716192245,1.5380291801391286,4.655406256830647
1129,1.4264147281646729,1.5496928026972454,4.71002305394703
1130,0.7960541248321533,1.5419901206789655,4.673882611918319
1131,1.2215088605880737,1.5345889606772107,4.639418154681259
1132,1.2631895542144775,1.5410810818968457,4.669635801910955
1133,2.6550943851470947,1.5021926632223768,4.491526686484866
1134,0.2601202130317688,1.5047934838902437,4.503223546045008
1135,0.889011800289154,1.5126406138163293,4.538699938180943
1136,0.24925227463245392,1.472567080311128,4.360414319747437
1137,0.6321548819541931,1.4788743032881757,4.388003338721612
1138,2.716366767883301,1.4874024238059065,4.425584781793356
1139,4.4983625411987305,1.5083155097434064,4.519111979108535
1140,0.11026009172201157,1.5068578128138324,4.512529282406193
1141,1.5433653593063354,1.5187812997022412,4.566656416960476
1142,1.4214129447937012,1.5329670131130841,4.631899360899255
1143,0.0009093916742131114,1.5329701650200878,4.631913960238299
1144,0.01793067343533039,1.5239419333881232,4.590284172555296
1145,0.00697546498849988,1.5119159017049242,4.53541187895779
1146,0.10267216712236404,1.4639871590130498,4.323162346083319
1147,0.25202086567878723,1.4636892254941631,4.321874522965195
1148,1.1341331005096436,1.4441038687818217,4.2380525893958465
1149,2.484083414077759,1.466917881249683,4.33585091836204
1150,0.0008733034483157098,1.4522424175735795,4.272684924492491
1151,0.00011908298620255664,1.4223275961163018,4.146761201267179
1152,4.766719818115234,1.4688908909442397,4.344414039040326
1153,1.1371527910232544,1.472807646858928,4.361463415750959
1154,0.2674461305141449,1.4598892398359749,4.305482625972941
1155,2.1916756629943848,1.4802788585605595,4.394170862246165
1156,3.4612741470336914,1.5046734148445102,4.502682880750342
1157,0.026893269270658493,1.5049383429071894,4.503875925831381
1158,0.0008236353169195354,1.5048975686427002,4.503692287347042
1159,1.4707952737808228,1.5196045081529155,4.570417274886872
1160,0.556236207485199,1.5251469475638442,4.595818864074958
1161,2.7237439155578613,1.5523832745585968,4.722712300816407
1162,0.4639880955219269,1.5569666303616396,4.744407852883558
1163,0.004421458579599857,1.5570097292106948,4.744612335807924
1164,0.001508051878772676,1.5569099426848698,4.744138911047646
1165,1.0943726301193237,1.5678518702797009,4.796333972044443
1166,0.0005278385942801833,1.5678391083175667,4.7962727618024905
1167,0.5578984022140503,1.5734141770811403,4.823086988384994
1168,1.1735985279083252,1.5701405719728792,4.807323921287775
1169,1.5890822410583496,1.5790090415687883,4.850147134835848
1170,0.059806033968925476,1.5796061745032057,4.853044182301974
1171,0.00032860602368600667,1.579606721509117,4.853046836946555
1172,0.0012687736889347434,1.5754777873583226,4.833050236857243
1173,2.537677764892578,1.589902569157639,4.90327117521213
1174,0.8104929327964783,1.5780033237762836,4.845271707628967
1175,0.7527992725372314,1.5717645318336873,4.815137164853696
1176,3.8621726036071777,1.6057171131201176,4.981430571412125
1177,0.37889572978019714,1.588139552874127,4.894634244050024
1178,0.002552824327722192,1.4800602608659392,4.3932104116058825
1179,0.07042898237705231,1.4683726615944033,4.342163219448214
1180,0.005847134627401829,1.4651765351575887,4.328307271265851
1181,0.002454365836456418,1.4503115572171372,4.2644429261907755
1182,4.202596664428711,1.4887378220396204,4.431498647698311
1183,4.426852226257324,1.5237212352590723,4.5892712172093875
1184,1.4640929698944092,1.4996605973081751,4.480168231106734
1185,0.9773132801055908,1.5004813693599863,4.483846937461402
1186,1.091672658920288,1.4853010748462838,4.416294847931278
1187,3.4933478832244873,1.4395748876171275,4.218901928269581
1188,0.013726131990551949,1.4390044910783035,4.216496167396123
1189,2.736818313598633,1.466356741479467,4.333418582478044
1190,0.7232606410980225,1.441760977796148,4.228134916736898
1191,0.21950563788414001,1.4436866523799108,4.2362847731499995
1192,0.08020877838134766,1.43063731093971,4.181363171433491
1193,0.18161951005458832,1.4280370086905168,4.170504487422827
1194,0.592946469783783,1.3629501188275026,3.9077045063724127
1195,3.496511936187744,1.391012944626491,4.018918934209322
1196,0.004145719110965729,1.3126630739596294,3.7160566806101407
1197,2.3871636390686035,1.3364746747360186,3.805603838330415
1198,0.47268441319465637,1.341194499904741,3.8236080781178168
1199,0.0006768796010874212,1.340207372052464,3.819835550377655
1200,0.059130724519491196,1.3318820855076046,3.788166335428014
1201,0.004939970560371876,1.3195832851304294,3.7418617628897084
1202,0.20754989981651306,1.2864578926338437,3.6199415982732184
1203,2.509268045425415,1.3113339151217225,3.7111207320874255
1204,0.3973691165447235,1.3135661375297787,3.719414031745594
1205,1.6109907627105713,1.3257778265847446,3.765112821168676
1206,1.6766647100448608,1.3154202499760868,3.7263166407239923
1207,1.806039571762085,1.3334790960929968,3.794220910488329
1208,7.406630516052246,1.4063419921926834,4.080999737873357
1209,0.018244896084070206,1.3842621349401452,3.991879349575032
1210,2.8277220726013184,1.4123312147564866,4.105515094267091
1211,1.3857991695404053,1.4256488953761437,4.160556733038846
1212,5.868382453918457,1.358196169012008,3.889171562501641
1213,5.070559501647949,1.3881624971560813,4.007479528357738
1214,1.1199257373809814,1.3993364557761379,4.052510054866542
1215,0.03008674457669258,1.361185012659771,3.9008130768881304
1216,6.123120307922363,1.31103539069627,3.710013037248303
1217,0.04751978814601898,1.3080681872877904,3.699020989803767
1218,7.867782187531702e-06,1.3079373267986194,3.6985369657780884
1219,0.19523093104362488,1.3051239526965037,3.688146221042546
1220,0.16381250321865082,1.2745098184742347,3.5769476266553566
1221,0.00158184755127877,1.2536805026914772,3.50321284340783
1222,0.7451047301292419,1.2607843357633646,3.528187686191381
1223,0.3692600429058075,1.2636493330012855,3.538310428056797
1224,2.2613577842712402,1.2473435382854041,3.481083299433343
1225,1.2705886363983154,1.259544445716947,3.5238158322665427
1226,4.561732292175293,1.2838863389130528,3.610644682869121
1227,0.2304178774356842,1.2823264916177686,3.6050170188156585
1228,6.364864349365234,1.345542157174259,3.8402680051585625
1229,0.025147341191768646,1.33152948330453,3.7868308550930196
1230,4.2706146240234375,1.366275088296443,3.920719129171293
1231,0.18057037889957428,1.3558657034795578,3.8801185352067846
1232,7.69988489151001,1.4202326568525132,4.1380830816497065
1233,0.0646825060248375,1.3943285380612906,4.032266150186073
1234,0.29989680647850037,1.3947263039957578,4.033870367329637
1235,0.1867966204881668,1.387704152197748,4.005643141201838
1236,0.9286915063858032,1.3944985445152815,4.032951719729787
1237,0.3932354152202606,1.3921093498479422,4.023327714376525
1238,0.824279248714447,1.3731884746562537,3.947918486821154
1239,2.3887572288513184,1.3520924215327796,3.865505341175274
1240,0.5707224607467651,1.3566970452230271,3.8833455809177564
1241,5.3525590896606445,1.3947889825265702,4.034123212321642
1242,0.9422873854637146,1.3899977269332704,4.014840926982494
1243,0.12286916375160217,1.3912173246540442,4.019740404915074
1244,4.114230632781982,1.4321803242475106,4.187820050695981
1245,0.7315317988395691,1.4394258875860215,4.2182733585806504
1246,0.13714824616909027,1.4397706483764887,4.219727904558964
1247,0.8047457337379456,1.4452978970570802,4.2431159663256555
1248,0.03277629613876343,1.4342843290133716,4.196640519941981
1249,0.00048530244384892285,1.4094483478970323,4.093696484784933
1250,0.00013183678674977273,1.4094409332304167,4.093666131502802
1251,3.1684553623199463,1.4411242960237542,4.22544379708851
1252,1.6504673957824707,1.4099617718004265,4.095798826063412
1253,3.3258683681488037,1.431848927571682,4.186432450987876
1254,0.0020027358550578356,1.429194493625091,4.175334578376081
1255,0.11491663753986359,1.4084269033705459,4.089517135767418
1256,8.305791854858398,1.456872080448793,4.292511875901471
1257,0.00038342276820912957,1.4566069819837686,4.291374088411593
1258,0.0010244365548714995,1.456608989996148,4.291382705552539
1259,2.9487662315368652,1.4713886995737084,4.35527911771168
1260,0.0014725804794579744,1.465841063303651,4.331184509169316
1261,3.4517979621887207,1.4731216037699597,4.3628329423074605
1262,0.4459824860095978,1.4729415476748364,4.362047458361902
1263,12.810318946838379,1.6010005225574242,4.957990524995515
1264,0.10120373964309692,1.6019974794350673,4.9629358924981615
1265,0.0003357561945449561,1.5910571106958196,4.908935474662183
1266,1.560381293296814,1.6066556452428449,4.986107998635042
1267,2.9724416732788086,1.6308010779534925,5.107964958132781
1268,0.0010564705589786172,1.619075657379999,5.048421687860206
1269,5.144343376159668,1.6546282687310123,5.2311349842574
1270,3.8476312160491943,1.6925065205518148,5.433081783469077
1271,1.8508895635604858,1.711012130127183,5.534560339017729
1272,2.679590940475464,1.7377953517950482,5.684796620446655
1273,0.30525749921798706,1.7154711491383023,5.559294152077376
1274,4.435338020324707,1.7517196000135846,5.764506803974297
1275,3.640390157699585,1.7805955088652081,5.933388752321465
1276,3.986466407775879,1.781838446906895,5.940768172048559
1277,0.7106047868728638,1.7851555374778219,5.960506957707051
1278,5.1849565505981445,1.836979574740526,6.277548730481408
1279,0.19898337125778198,1.8382651186293333,6.2856239843230695
1280,5.495800018310547,1.8931646474661648,6.6403498308278985
1281,0.6798606514930725,1.899938710322731,6.6854846785239195
1282,0.6608937978744507,1.8645216816571883,6.4528486318409435
1283,1.395494818687439,1.8342081075814896,6.260174797099332
1284,2.665389060974121,1.8462210684922866,6.3358315532174805
1285,5.6300225257873535,1.8927481609491041,6.6375847904957705
1286,0.6081444025039673,1.887912878384941,6.605567660804511
1287,3.5751171112060547,1.8887305706647566,6.610971191396098
1288,0.0034669076558202505,1.8886279784214093,6.610292991820471
1289,0.29311639070510864,1.8641909591924741,6.450714882695831
1290,2.137134552001953,1.8783296983015134,6.542567668638088
1291,2.5747179985046387,1.9018818219077185,6.698487950566939
1292,7.143617630004883,1.9725159104239538,7.188739981607741
1293,0.0024453280493617058,1.9707241686039014,7.175871147805837
1294,2.1790523529052734,1.9865852274351163,7.290595481831635
1295,0.07510222494602203,1.9523711303226992,7.045373289017398
1296,4.70737361907959,1.9994034093223854,7.384649171642235
1297,0.000608854868914932,1.9755378614803885,7.210496859542401
1298,0.0001646144810365513,1.9708126634932523,7.17650620382825
1299,0.024653511121869087,1.9710524298084602,7.178227094574381
1300,2.6193320751190186,1.9966544433144555,7.364376898749594
1301,0.13281865417957306,1.9979332301506474,7.37380039101922
1302,0.7184263467788696,2.003041994620271,7.41156779069534
1303,1.874984622001648,1.9966991603860333,7.364706219481576
1304,2.7044639587402344,2.0197701088079882,7.536592138341973
1305,12.43586540222168,2.1280188552030994,8.398212244841355
1306,1.7718912363052368,2.128971120465703,8.406213379626823
1307,0.008626339957118034,2.1109969881476536,8.256468784104651
1308,0.24289670586585999,2.03935965004579,7.685686094053848
1309,2.1490049362182617,2.0606672504471315,7.851206784174836
1310,0.2613353729248047,2.0350033834503667,7.652278016537701
1311,3.1038784980773926,2.0521841767357363,7.784886117569465
1312,0.0005007919971831143,1.9935053601165236,7.341222340145011
1313,0.0002985746832564473,1.9428027508468768,6.978281973295212
1314,0.009691804647445679,1.9317004115195413,6.901235209970603
1315,0.05486402288079262,1.9319481843025823,6.902945360080575
1316,0.9137952327728271,1.879854933551087,6.5525542374664
1317,0.9540688991546631,1.8889204246611735,6.61222642984923
1318,1.1114907264709473,1.900035253248061,6.686130145929189
1319,5.0090718269348145,1.948173662206973,7.015862537820474
1320,0.33466944098472595,1.9498822315846338,7.027859871930748
1321,0.7985695600509644,1.9578521087096306,7.084094846816525
1322,1.1730422973632812,1.962131484381971,7.114475308305204
1323,2.4065825939178467,1.9825047098920914,7.260906693075323
1324,0.5970814228057861,1.9658619462774367,7.141065152713638
1325,1.546574592590332,1.968621805839357,7.160800710815163
1326,1.6443796157836914,1.939448279075441,6.954912741031132
1327,6.418288230895996,2.001326982610044,7.398867756388218
1328,0.0003937899600714445,1.9376822770159925,6.942641189788907
1329,0.0003081085451412946,1.9374338846895263,6.940916905150358
1330,0.004754310008138418,1.8947752815493732,6.651053622221547
1331,2.8750481605529785,1.9217200593659072,6.83270101883635
1332,0.22566579282283783,1.8469778683790354,6.340628324688524
1333,7.9470720291137695,1.9258017636099247,6.860647078559168
1334,0.03759845718741417,1.923178780117014,6.842675294671544
1335,4.34248161315918,1.964735630043724,7.1330265829417545
1336,1.2885037660598755,1.9683337526404647,7.158738316317709
1337,4.273403167724609,2.0071354301655084,7.4419687454597305
1338,0.8510379791259766,2.0074030174696236,7.443960388270919
1339,6.679361343383789,2.0503090586149484,7.770302214086153
1340,0.0002646096108946949,2.0446044801035894,7.7261021064052064
1341,3.3466453552246094,2.0245453427592293,7.572667193861419
1342,0.0011397063499316573,2.0151338659680915,7.501731540545118
1343,0.1050068810582161,2.0149552431411575,7.500391679718873
1344,0.31038475036621094,1.976916784317,7.220446436598314
1345,4.906271934509277,2.018664185673697,7.528261853918634
1346,1.088106632232666,2.0281737695343325,7.600193971514841
1347,1.2741472721099854,2.032867784918053,7.635953260603604
1348,0.3343261182308197,2.0358832831389737,7.659014216737205
1349,0.7644606828689575,2.043523036943225,7.717751282410574
1350,0.025998270139098167,2.0437817012767483,7.719747847611309
1351,0.2629985809326172,2.014727133462875,7.498680962908769
1352,0.00032646095496602356,1.9982257241146,7.375957498580076
1353,0.0016687290044501424,1.9649837277231563,7.134796489830129
1354,5.590759246842936e-05,1.9649642594405305,7.134657588947673
1355,0.0006993946735747159,1.9638220870118674,7.126513231777128
1356,5.0424259825376794e-05,1.8807646727058818,6.558518064972519
1357,0.00250680698081851,1.880785906548008,6.558657328988242
1358,5.280832192511298e-05,1.8807761902656785,6.55859360353152
1359,0.005293994210660458,1.8513414678924165,6.368356741215043
1360,0.00010668662434909493,1.8513278089538654,6.368269756815702
1361,0.000666277133859694,1.8168164921033167,6.1522415316458625
1362,0.0003091811086051166,1.8123597590543068,6.124883642174287
1363,1.096103549003601,1.695217605075959,5.447831311985841
1364,1.3177118301391602,1.7073826859809196,5.514509370339308
1365,2.141568660736084,1.728795015026335,5.63386109866579
1366,7.999491214752197,1.793186114240889,6.008565978929691
1367,2.4365930557250977,1.7878276280653518,5.976455270424461
1368,4.239263534545898,1.830209698705221,6.235194033558139
1369,0.006348916795104742,1.7788297541115754,5.92292108731128
1370,2.9571311473846436,1.7699247534249298,5.870411616394525
1371,1.2827191352844238,1.7642430491421692,5.837152247992575
1372,3.0123019218444824,1.7675701589558594,5.856605438025595
1373,4.887434005737305,1.8133919240210525,6.131208796234798
1374,1.4059457778930664,1.7830980015967361,5.948255608889127
1375,0.20675964653491974,1.7487616964850894,5.747481141505731
1376,2.4914700984954834,1.7338117333922856,5.66219560680876
1377,0.007373500149697065,1.726779420525054,5.622516955651059
1378,0.03180791065096855,1.6752479341255821,5.340118982685107
1379,0.00014923889830242842,1.6732595928019873,5.329511552529486
1380,0.023513641208410263,1.618536729030966,5.045701683304363
1381,0.941094696521759,1.6211490694812527,5.058900005661623
1382,0.8630390167236328,1.6231705216697447,5.0691366731305445
1383,3.565842628479004,1.6448739997676602,5.180357139621757
1384,0.5213715434074402,1.6234338245919935,5.0704715673629215
1385,0.3905724883079529,1.5710393242171994,4.811646456604403
1386,0.7405465841293335,1.5723633460334532,4.818021400836376
1387,9.59072208404541,1.6325193957618467,5.1167496105356465
1388,17.338916778564453,1.805873894470933,6.085287024240459
1389,0.0011197017738595605,1.8029539275816204,6.067544104593306
1390,0.002256468404084444,1.7816051467456417,5.939382351538411
1391,0.47187235951423645,1.7605766903557378,5.815790337703379
1392,2.3179869651794434,1.7123203837074834,5.541805685738648
1393,1.2043914794921875,1.7243398452219116,5.608817119829696
1394,4.434492111206055,1.7468942428049195,5.736758002295517
1395,0.11135798692703247,1.7472568004247295,5.738838284710589
1396,6.659758567810059,1.7667806499120342,5.8519834198688105
1397,0.015949878841638565,1.7669340601517616,5.8528812429139965
1398,1.7723194360733032,1.784655608367684,5.957527871495722
1399,0.588024377822876,1.7902893170346943,5.991185567705909
1400,3.48514986038208,1.798947494887325,6.0432835291514495
1401,0.7571950554847717,1.805191258900377,6.081134408383573
1402,3.7233147621154785,1.8352401430537428,6.266638854546997
1403,2.4347009658813477,1.8408373064925398,6.301812601204632
1404,0.0064023383893072605,1.8138566902890307,6.134059037561926
1405,3.336784839630127,1.722865884663115,5.600556034366278
1406,4.7633843421936035,1.7527808157219988,5.770627436227071
1407,0.6815419793128967,1.7595099721155565,5.809589835751302
1408,0.3940630853176117,1.761021635910074,5.818378623539528
1409,0.48594480752944946,1.744391034623186,5.722415661149549
1410,4.231792449951172,1.7840956053934496,5.954192572144541
1411,0.0069545116275548935,1.7531263655289513,5.772621819983269
1412,2.4794321060180664,1.7779156786691601,5.917509564244968
1413,0.0019276624079793692,1.7779319695464073,5.917605966452124
1414,0.044083233922719955,1.7782758838391601,5.919641465721449
1415,0.756915807723999,1.785296401687592,5.961346638948608
1416,0.7024358510971069,1.783182807870835,5.948760079675545
1417,4.340831756591797,1.8170504364452063,6.15368098211121
1418,1.6111783981323242,1.82204731316182,6.184507120397636
1419,0.32998111844062805,1.7752564060768783,5.901794198228504
1420,0.12532711029052734,1.7731629827699362,5.889452167755611
1421,5.102940559387207,1.8162066927632987,6.148491042459368
1422,0.50115966796875,1.8094878664693532,6.10731886840291
1423,10.44707202911377,1.8898927608213125,6.618658863443101
1424,0.2807481288909912,1.8867294278821647,6.597754922341688
1425,2.423032522201538,1.8954940071782767,6.6558356231865226
1426,2.053098678588867,1.8995811978063284,6.683094961275497
1427,0.0009167758980765939,1.8354074832563492,6.267687602909012
1428,0.010040373541414738,1.8355039490921627,6.26829224979566
1429,1.1569774150848389,1.8470706421575596,6.341216596024077
1430,0.000715833914000541,1.8470302573966182,6.340960512678737
1431,3.0053443908691406,1.84833321969978,6.34922793008957
1432,4.041049957275391,1.8864870613443054,6.596156041088999
1433,0.8333815932273865,1.8153501569854416,6.143226894688959
1434,2.8673558235168457,1.843647730648736,6.319548278280775
1435,0.5667484402656555,1.8058903989198007,6.085387459377807
1436,0.45331519842147827,1.7975385132434167,6.034774649425287
1437,3.407479763031006,1.7888792791964807,5.982743722419001
1438,0.013584550470113754,1.780504744909922,5.932850238929226
1439,0.6330121159553528,1.7200412526356377,5.584758845545884
1440,3.744076728820801,1.7574793738277368,5.797804861901195
1441,4.535769462585449,1.769370614901345,5.86715949631431
1442,0.21535198390483856,1.7715127376768942,5.879741143204217
1443,3.9112133979797363,1.8095748028461094,6.107849839657047
1444,0.00027176024741493165,1.8064736729449213,6.088937943167483
1445,0.32796400785446167,1.7606905936783732,5.816452813274962
1446,2.226086378097534,1.772070391137022,5.883020915600598
1447,7.572630882263184,1.8350552272385539,6.265480161048392
1448,0.44546255469322205,1.836166591603178,6.2724472632040635
1449,6.158587455749512,1.8901078593319836,6.620082680232213
1450,0.6650950908660889,1.8964988275392534,6.662526903544391
1451,4.566518306732178,1.939534024797249,6.955509120612357
1452,0.5126721262931824,1.9446574814506312,6.991236816591125
1453,0.7540735602378845,1.9521815297629654,7.044037608925116
1454,0.4399420917034149,1.956580391604075,7.075091608222097
1455,1.5377211570739746,1.971950609228079,7.184677326719329
1456,0.0007383481133729219,1.9719574884666144,7.184726751998463
1457,2.254363775253296,1.9944760581493393,7.3483519099989465
1458,0.5568913817405701,2.000044443883526,7.389384504577034
1459,0.7241746187210083,2.007233250128629,7.4426967541742695
1460,0.4645348787307739,2.0118775320496933,7.477343127641636
1461,7.213233470916748,2.0840032039875225,8.036576660221396
1462,0.024458911269903183,2.084244701289135,8.038517706168289
1463,2.4356064796447754,2.097639730595547,8.146918280028451
1464,0.3704942464828491,2.088167554758984,8.070113565689484
1465,1.1570965051651,2.078322833203274,7.991055336355884
1466,0.2736203074455261,2.0010641241302074,7.3969231568456975
1467,0.8379178643226624,1.985077372216183,7.2796106032697505
1468,1.4734801054000854,1.9574195379247248,7.081031137031736
1469,3.0713953971862793,1.9880700027286367,7.301428418126039
1470,0.050983887165784836,1.959008530126448,7.092291784459783
1471,1.3544011116027832,1.9597253498896317,7.097377501930779
1472,0.007530161179602146,1.9296776322829827,6.88728964383709
1473,1.8315962553024292,1.899119254778634,6.680008465102295
1474,1.606806993484497,1.9011278669345484,6.693439495656881
1475,0.011326536536216736,1.8991735358345614,6.680371072856662
1476,1.4597835540771484,1.888856670390378,6.611804885612625
1477,0.6672602891921997,1.895455538280803,6.655579585453109
1478,0.5713855624198914,1.9008513147984922,6.691588666603955
1479,3.315638780593872,1.9340062102154478,6.917166429151634
1480,0.0004766043566633016,1.9337758398469305,6.915573102506925
1481,0.08564234524965286,1.9252213163342093,6.856665990170504
1482,1.9631816148757935,1.936222742315731,6.932515555215961
1483,1.164059042930603,1.912204906460247,6.767995155171741
1484,0.1435580998659134,1.9084267720248318,6.742473003037416
1485,6.693721294403076,1.971458260085783,7.181140827667423
1486,0.006666088476777077,1.9641194551292573,7.128632744722585
1487,5.0569024085998535,1.9187812583748018,6.812650546914221
1488,0.45608633756637573,1.749952953964821,5.754331951134111
1489,2.811551570892334,1.7780572726560058,5.918347507338818
1490,0.8057975172996521,1.7860926831449615,5.966095439178018
1491,0.029775990173220634,1.7816717194515512,5.939777765454725
1492,1.1365242004394531,1.7698570918041514,5.870014428267271
1493,0.9136210680007935,1.7669493876892375,5.852970953858112
1494,0.41201767325401306,1.726724643309717,5.622208978264192
1495,5.22922945022583,1.777903357942705,5.917436656677469
1496,0.99713134765625,1.721277085741167,5.591664941925911
1497,2.580824851989746,1.746925835472648,5.736939244647872
1498,0.2708907723426819,1.7319115488353418,5.651446605935325
1499,3.1194748878479004,1.7572260539355922,5.79633634860857
1500,0.17457255721092224,1.7241202809038805,5.607585758910226
1501,0.0006019449210725725,1.7165543497982434,5.565319245775332
1502,0.9851691722869873,1.6891728938999586,5.4150000728155305
1503,1.1197713613510132,1.6760235978546552,5.3442627261569084
1504,2.5511012077331543,1.7014705865480937,5.4820032270761825
1505,0.05253806710243225,1.6686281188228167,5.304885130788847
1506,7.136777400970459,1.6923620494105853,5.4322969166400945
1507,0.06723892688751221,1.6862190188863315,5.3990284401182365
1508,0.3221592605113983,1.6854999806382693,5.395147727525007
1509,4.8040190449682996e-05,1.6806410129648794,5.36899646464592
1510,0.25349971652030945,1.6408580856305708,5.159594987563136
1511,0.5067925453186035,1.6458564659674813,5.185449166376939
1512,0.6229766011238098,1.6272919109185386,5.090071669517151
1513,1.9407196044921875,1.6466798303393808,5.189720438638229
1514,9.809493064880371,1.7443339286489572,5.722088886358763
1515,4.864254474639893,1.7854073153181163,5.962007870216249
1516,0.021764714270830154,1.7786006039498534,5.921564004480069
1517,0.5579838752746582,1.7407721251366821,5.701744183491335
1518,3.0071868896484375,1.7547322100518432,5.781899200137009
1519,3.675044536590576,1.7881828442333427,5.978578581058598
1520,0.5809016823768616,1.7927385899542059,6.0058776013279855
1521,4.651089191436768,1.7882200762747016,5.978801179887474
1522,2.7130112648010254,1.8103385922430244,6.112516732637335
1523,7.306608200073242,1.778933953952619,5.923538286902582
1524,1.325391173362732,1.7893803843973364,5.985742457691862
1525,0.7605124711990356,1.7727551838873115,5.887050945383505
1526,6.493893146514893,1.8171631285665717,6.154374492551137
1527,1.2532958984375,1.8296869197919658,6.2319352574812665
1528,2.220921039581299,1.8517957264523648,6.371250278934927
1529,0.10118768364191055,1.8412378291379354,6.3043371253892575
1530,1.1523370742797852,1.8527540415415933,6.377358870724829
1531,0.00014041867689229548,1.822702001819671,6.188557372746228
1532,0.18154147267341614,1.7841069169736512,5.954259923852282
1533,4.12476921081543,1.8170207931495315,6.153498569430038
1534,0.00020203932945150882,1.7883492553076576,5.979573565529069
1535,0.062336962670087814,1.783305140531702,5.949487851839197
1536,0.12931393086910248,1.780065127856178,5.930242630003557
1537,0.015901071950793266,1.746149340945376,5.7324862717993765
1538,0.19845810532569885,1.7479980764939318,5.743093925303462
1539,2.5390615463256836,1.7670585707976352,5.853610034307976
1540,0.3612630069255829,1.733230433578683,5.658905130027368
1541,0.8880255222320557,1.6967529941751491,5.4562022774965975
1542,3.74580454826355,1.7320575198187362,5.652271613366103
1543,2.902381420135498,1.7219692000402937,5.595536352763002
1544,1.1500166654586792,1.7334666490924064,5.660242009099342
1545,0.772490918636322,1.737911918200225,5.685459315376094
1546,6.6469197273254395,1.782120251692504,5.942442544861691
1547,7.37109899520874,1.7801049328219596,5.930478687806625
1548,0.6453994512557983,1.7821043017875855,5.942347764223989
1549,0.4557589888572693,1.725076017118663,5.612947693586944
1550,0.2199346423149109,1.7206244126331511,5.588016603305046
1551,7.701351165771484,1.7519727412235442,5.765966222913219
1552,3.0825870037078857,1.7776718899976913,5.916067118283033
1553,3.3152835369110107,1.8032839897644226,6.069547101983378
1554,4.024188995361328,1.8391264588010017,6.291040377108244
1555,2.149031400680542,1.8452395612370673,6.329615939414159
1556,0.004816477652639151,1.84528034253246,6.329874074615015
1557,5.138507843017578,1.874121783210103,6.515094941397685
1558,1.589202880859375,1.884444898201291,6.582699359382698
1559,3.311927556991577,1.9103224275839965,6.755266531698867
1560,0.048655688762664795,1.9061636356843155,6.727231121093225
1561,0.08729537576436996,1.8349042547327918,6.26453431720868
1562,0.23182472586631775,1.8369779128787558,6.277538298071831
1563,8.551200866699219,1.8981338567493002,6.673429240034933
1564,2.5825953483581543,1.9202548677680533,6.822697133307099
1565,0.051079947501420975,1.9091947021914166,6.747652740037433
1566,0.061284348368644714,1.9070713426006478,6.733340247538313
1567,10.181729316711426,2.000509457124535,7.392821465268754
1568,0.4312783479690552,1.990087439550225,7.31617345725831
1569,3.0167441368103027,1.9895409269464652,7.312176168636424
1570,0.012782896868884563,1.9891589170434962,7.309383378398477
1571,1.136736512184143,1.98698227104931,7.2934907409454
1572,0.04998263716697693,1.9874067958091837,7.296587665664942
1573,0.30776727199554443,1.972168505976115,7.186243015117519
1574,0.876416027545929,1.964864596316729,7.133946562117271
1575,0.003426991170272231,1.9647856008630697,7.133383035030547
1576,0.17914777994155884,1.9519792431217138,7.042612838327244
1577,0.00017105070583056659,1.94530835073685,6.995788679080779
1578,0.001279369811527431,1.9396072888107665,6.956018727794295
1579,3.564294092939235e-05,1.9064512574342372,6.729166297366454
1580,0.0003968881501350552,1.9064504602721717,6.729160933132488
1581,3.0874729418428615e-05,1.9055943455669695,6.72340246481038
1582,0.001857937895692885,1.8859811087971685,6.5928195432646595
1583,3.707340147229843e-05,1.8743408891018771,6.516522593482594
1584,0.0033621233887970448,1.872938929337106,6.507393092092449
1585,8.40390202938579e-05,1.806002556783278,6.086070021710333
1586,0.0005235493299551308,1.80594113139181,6.085696193958123
1587,0.00044264530879445374,1.7553765337588993,5.785625815307791
1588,1.4030307531356812,1.7648459779145924,5.84067269621502
1589,4.593426704406738,1.7826647292497364,5.945678952458207
1590,0.000803505361545831,1.7746147891303554,5.898008721598872
1591,0.00010799778101500124,1.7743181092064333,5.896259160362736
1592,0.09576504677534103,1.7639105176697922,5.83521153385321
1593,1.2832413911819458,1.7676067209016038,5.856819570830399
1594,6.329812526702881,1.8267846694360923,6.213874841763424
1595,0.08639905601739883,1.775356365494008,5.902384167622586
1596,0.2264658808708191,1.7676497108261537,5.857071360474022
1597,2.787698745727539,1.7697184497635317,5.869200653901442
1598,0.42591995000839233,1.7712687415401889,5.878306684088805
1599,0.8101747035980225,1.74817573969769,5.744114352413207
1600,0.5350399017333984,1.7517804131429147,5.764857372331562
1601,3.3030104637145996,1.78480449833085,5.9584149536382425
1602,0.30861157178878784,1.7780389223258681,5.918238904704639
1603,0.11548586189746857,1.7679960673313326,5.859100346597006
1604,8.475302696228027,1.8272380822162813,6.216692930861702
1605,0.013850763440132141,1.8268512091796583,6.214288325158333
1606,0.0010746901389211416,1.755494182071343,5.7863065244627485
1607,1.8537473678588867,1.7733592664810567,5.890608284743319
1608,3.4380593299865723,1.8045182671758084,6.077043232069058
1609,4.744296073913574,1.8519607475130397,6.37230175616934
1610,1.1983764171600342,1.861409514519437,6.432797505795724
1611,4.696228504180908,1.90330387410806,6.708020326257525
1612,0.104349285364151,1.8981176009504634,6.6733207589933805
1613,1.582356572151184,1.8945339706270534,6.649448843970617
1614,0.2663975656032562,1.7991030156342822,6.044223458207317
1615,0.011766435578465462,1.750578135243668,5.75793057652163
1616,6.282132380874828e-05,1.7503611163141977,5.75668113217339
1617,0.0011124381562694907,1.7447924019430139,5.724712912776431
1618,0.21831989288330078,1.7169037319753624,5.567264008842778
1619,1.422494888305664,1.6943782354925134,5.443260486661052
1620,1.9126229286193848,1.7076954479549387,5.516234368918641
1621,3.2894272804260254,1.6940788288448312,5.441630982240681
1622,1.3765842914581299,1.680714559111402,5.3693913481674915
1623,0.006954866461455822,1.6077180257752843,4.991407957493505
1624,0.006209011655300856,1.59452620415821,4.925994603372246
1625,0.005485245026648045,1.5869759318964862,4.888942057381951
1626,0.0008833082392811775,1.5220458335137301,4.581588781582287
1627,6.083771705627441,1.5703505915856295,4.808333659624806
1628,2.008525848388672,1.5682266396737032,4.798131828090247
1629,6.960516929626465,1.6368199321335488,5.138801762394061
1630,0.21133022010326385,1.6274098635917835,5.09067209248763
1631,0.0023382960353046656,1.6274318423653675,5.090783980446516
1632,1.9906272888183594,1.6455227005268172,5.183718731446635
1633,0.5026973485946655,1.6093019819046095,4.999320393543225
1634,0.10820458829402924,1.6103820073942552,5.004722703790413
1635,1.297112226486206,1.6227297600324164,5.066902884470991
1636,8.113322257995605,1.7025698433036813,5.4880326695032124
1637,0.09898290038108826,1.7034006615879844,5.492594121996573
1638,0.8752606511116028,1.7101686870458435,5.529894220470853
1639,0.571648895740509,1.6904945605399917,5.4221616293202235
1640,7.855499267578125,1.765436923146517,5.844125233925956
1641,1.231019139289856,1.768866859317095,5.864204626282984
1642,0.0007742029847577214,1.731416555864307,5.648649871828176
1643,3.760380268096924,1.7399965443439214,5.697323734646578
1644,0.43918514251708984,1.7328882291145056,5.656968958731641
1645,0.0001629458274692297,1.725164949386417,5.613446887951033
1646,0.08234958350658417,1.6595192479482284,5.25678302764277
1647,3.668605327606201,1.622494311272203,5.065710028902414
1648,0.6955727934837341,1.6229960446944824,5.068252302650012
1649,0.2337009757757187,1.620775464563667,5.057010328760205
1650,8.458420753479004,1.7031603256753078,5.491274212992423
1651,0.053738776594400406,1.626684201783537,5.086979326183588
1652,0.021892663091421127,1.5960772583773724,4.933641016553131
1653,2.0213513374328613,1.5831379363825908,4.870214281247087
1654,2.8967437174287625e-05,1.5428963361033494,4.67812007617074
1655,0.6277322769165039,1.527683344865709,4.607490482314901
1656,4.671950340270996,1.5743546834918924,4.827625266422451
1657,0.09209635853767395,1.5238905686470934,4.5900483998527735
1658,1.3857700824737549,1.5218562406632372,4.5807202274438295
1659,3.1772453784942627,1.5205094188782642,4.574554966336572
1660,1.6265754699707031,1.5362886166903444,4.647310274690003
1661,0.15565982460975647,1.5369722611787984,4.650488468999159
1662,1.2783844470977783,1.547437858391113,4.699414179985057
1663,2.2568445205688477,1.4844942949298092,4.412733306825837
1664,0.0017228773795068264,1.4586855702200228,4.300303365038876
1665,0.011280213482677937,1.4582875728798355,4.298592196280486
1666,0.9731951951980591,1.4674066813481295,4.337970800774944
1667,0.7447265386581421,1.3730366535675966,3.947319155035309
1668,1.3320882320404053,1.3820447524083102,3.9830376323934416
1669,3.50536847114563,1.3869309957516633,4.002547349306448
1670,1.9956806898117065,1.4067599736810916,4.082705876760383
1671,2.5262155532836914,1.4206547640920872,4.139830165178792
1672,0.0354168638586998,1.4205091063590043,4.1392272108151325
1673,0.5376339554786682,1.4228077731938356,4.148752859077979
1674,4.580023765563965,1.4598438505740159,4.305287207729149
1675,0.00011252723925281316,1.4598107059347059,4.30514451290232
1676,3.242440288886428e-05,1.4580195523793191,4.297440239829392
1677,0.2796625792980194,1.460814467665241,4.3094680217321395
1678,0.01601100154221058,1.4609617839825477,4.3101029234551955
1679,0.953889012336731,1.470500317676506,4.351411684719325
1680,1.9120310544967651,1.489616659339972,4.435394925852878
1681,0.0016374287661165,1.4896327248803392,4.435466183441498
1682,0.008161290548741817,1.4896957584068695,4.435745775328585
1683,0.7378596663475037,1.4970739843363299,4.46859474436234
1684,0.00016330339713022113,1.4970419961364132,4.46845180434652
1685,5.748942852020264,1.554530584266413,4.732864322653833
1686,1.808200478553772,1.572607353558651,4.81919717775812
1687,5.082989692687988,1.623432824032443,5.070466494056707
1688,1.9457536935806274,1.6288600534368924,5.098059889019947
1689,1.0824989080429077,1.5937507754732543,4.922176326446905
1690,0.44595906138420105,1.5982023310334807,4.944136510065855
1691,0.34977784752845764,1.6016990295309552,4.961454925765113
1692,0.43905091285705566,1.6051318881917722,4.978516166937167
1693,0.5421093702316284,1.597720567982269,4.941755181439289
1694,0.2818213999271393,1.5372406567145118,4.651736806859786
1695,0.10866793990135193,1.5374633455533513,4.652772812077011
1696,1.933104157447815,1.5545297283191213,4.732860271573168
1697,5.02863883972168,1.5769391292590627,4.840118138729519
1698,8.017778396606445,1.652857713725043,5.221881166638133
1699,7.461745262145996,1.7193734193105228,5.581030402603896
1700,0.6162984371185303,1.7201860046643742,5.585567309230749
1701,1.4169971942901611,1.7013258719701299,5.481209958692914
1702,0.0966719463467598,1.6992064757157095,5.469605404504926
1703,1.5474213361740112,1.713525830458475,5.548490065419609
1704,5.329277515411377,1.6820655786503085,5.37665040324939
1705,0.2034953087568283,1.6839620241034754,5.386856602150764
1706,1.9358450174331665,1.703309727376418,5.492094679989162
1707,0.5917198657989502,1.6906894523558185,5.423218467227053
1708,1.9263397455215454,1.6755722565111681,5.341851183693483
1709,1.2193880081176758,1.6403231758532093,5.156835807778975
1710,0.010371596552431583,1.6284431276471332,5.095934819403424
1711,5.421635150909424,1.6356971941144183,5.133035471905147
1712,1.1875271797180176,1.646528973057957,5.1889375905721575
1713,1.964173674583435,1.6503471440822794,5.208787713193713
1714,5.967427730560303,1.70735744573185,5.514370184505855
1715,4.4249982833862305,1.7514897642099276,5.763182066162241
1716,0.00010179955279454589,1.7514901539922176,5.763184312548981
1717,0.01876225881278515,1.7516666521987827,5.764201594015787
1718,1.0491360425949097,1.7599748136958988,5.8122910024303485
1719,1.571655511856079,1.761466419931403,5.8209671209998
1720,0.00046850196667946875,1.7423448756648758,5.710718660124082
1721,0.08295706659555435,1.7102801735265711,5.530510763283745
1722,0.00041607304592616856,1.6965184913424491,5.454922932617602
1723,0.6899152398109436,1.703348095075944,5.492305403070067
1724,6.437280717364047e-06,1.703286069332198,5.491964749307322
1725,0.15628942847251892,1.704794111166657,5.500253109929154
1726,2.14111328125,1.726196410896764,5.619239929492414
1727,1.8474748134613037,1.6838334419751027,5.386163993193142
1728,1.365255355834961,1.6774007370495656,5.351627589882286
1729,0.0013065143721178174,1.607808632897022,4.991860235091428
1730,1.789867877960205,1.6235940094755916,5.071283845316316
1731,0.3299002945423126,1.6268696294606615,5.087922680402911
1732,1.7277826070785522,1.6242411826432634,5.07456690638658
1733,0.5562254190444946,1.6247764633477617,5.077283951261227
1734,0.04711649566888809,1.6241655824215104,5.0741832825043645
1735,4.021965980529785,1.651414119961946,5.214348330040486
1736,0.17136366665363312,1.5719945340485264,4.816244784438963
1737,1.8040616512298584,1.5890453215570142,4.899069658889159
1738,1.7241556644439697,1.5975342716903378,4.9408346365230695
1739,4.887569048150908e-06,1.5918178316086233,4.912671225289021
1740,1.4066597032069694e-05,1.5132629795988124,4.541525548909935
1741,0.4507754445075989,1.5054605426509897,4.50622846287962
1742,0.2931504547595978,1.5083843051687382,4.519422884033555
1743,2.502063751220703,1.495801139999976,4.462910537173412
1744,2.0188803672790527,1.5115980922475956,4.53397071119028
1745,0.0005091324565000832,1.5116015541138859,4.533986407217815
1746,3.794485092163086,1.5487229092004509,4.705457047845
1747,0.5202611088752747,1.5172394670131417,4.559620822065798
1748,0.12571698427200317,1.5115409089210243,4.533711451075186
1749,0.8937891721725464,1.5181417908849926,4.563736933533681
1750,1.8773350715637207,1.4523309340658397,4.27306314431364
1751,1.9509990215301514,1.4713035365151972,4.354908224614765
1752,4.8611602783203125,1.5196962126674862,4.570836422002999
1753,1.4095134735107422,1.513577834028265,4.542955693477343
1754,2.139194965362549,1.5349694940075187,4.641183943871864
1755,2.422990322113037,1.552922074459484,4.725257583373424
1756,4.0970048904418945,1.547172619961193,4.698167880037041
1757,0.8024475574493408,1.5542761319503098,4.731660187569109
1758,0.7031334042549133,1.5474497651681214,4.69947013519489
1759,1.8681280612945557,1.5343585919961242,4.638349501136837
1760,0.06721663475036621,1.5187650036439209,4.566581999067537
1761,0.0004858981992583722,1.517213264379816,4.5595013495585475
1762,4.937508583068848,1.5538045057395267,4.729429138756036
1763,2.95609188079834,1.5607969793418215,4.7626154391079245
1764,1.211164116859436,1.5728913917366207,4.820566208163013
1765,3.252068519592285,1.6052992747977168,4.9793495736096025
1766,6.952692985534668,1.665094252701083,5.286171462220161
1767,0.7578706741333008,1.6652256940558345,5.286866329424748
1768,0.735004186630249,1.659254853601733,5.255393347649371
1769,0.03614941984415054,1.6245626630887182,5.076198542671663
1770,4.437510013580322,1.6489809563264044,5.201676390004418
1771,3.1566224098205566,1.655285024891773,5.234571692802308
1772,0.12985219061374664,1.6562293781593234,5.23951731252316
1773,0.7836092114448547,1.6586891307189853,5.252421092190499
1774,7.7465949058532715,1.6903548421218784,5.421404106395805
1775,2.4268884658813477,1.7146226015082993,5.554578827072002
1776,0.09395517408847809,1.7155618290051553,5.559798290988162
1777,0.007377049885690212,1.7128389737110319,5.544680356092109
1778,3.359971046447754,1.7462785741600875,5.7332271473004
1779,0.00022623363474849612,1.7367419463730676,5.678811377860782
1780,1.574317216873169,1.7333648079968316,5.659665593203828
1781,0.46478843688964844,1.7379963180780669,5.685939187698085
1782,2.6951751708984375,1.764866456881564,5.84079230838302
1783,2.204202651977539,1.7795298867378642,5.927069369611878
1784,1.3976186513900757,1.7935044402177938,6.01047896602532
1785,0.039467889815568924,1.7364096905957467,5.676924873390532
1786,0.0937713235616684,1.7192653990458258,5.580427570782137
1787,0.06645552068948746,1.6691000573258408,5.307389301196924
1788,5.744695663452148,1.707089477024556,5.5128927038241065
1789,0.3325560390949249,1.699590048335076,5.471703797794211
1790,0.5148530006408691,1.7002789877276427,5.475474768921093
1791,1.7829338312149048,1.7146105475645073,5.554511872894564
1792,0.06797561049461365,1.7108997945408828,5.533938645856918
1793,0.009883751161396503,1.7055775383501806,5.504563846085196
1794,1.1081798076629639,1.7138411224275387,5.550239735591648
1795,0.364093154668808,1.7163953745752132,5.564434568229769
1796,3.1697041988372803,1.728761374989108,5.633671578556449
1797,0.45493951439857483,1.683024381735877,5.381808024422479
1798,4.33843469619751,1.6462309447317875,5.18739137060756
1799,2.7434775829315186,1.5990482679396427,4.948320707142667
1800,0.0013711584033444524,1.592898995152491,4.917985498602435
1801,6.839372158050537,1.6471227447900947,5.1920195499328905
1802,4.58568811416626,1.6920129064682896,5.430400599573318
1803,1.0710773468017578,1.6872494665745672,5.40459472388266
1804,7.327512264251709,1.7072318140629705,5.513677448492458
1805,0.03190525248646736,1.7055159135002669,5.504224638616253
1806,1.692786455154419,1.7030853278774793,5.490862394962091
1807,4.839789867401123,1.745566027893501,5.729143412798769
1808,4.875540980719961e-05,1.7263031179923838,5.619839574257487
1809,1.3102961778640747,1.7272121996898477,5.624950790461675
1810,3.2296149730682373,1.7594046334550058,5.8089778935708045
1811,0.4522724151611328,1.709711006097523,5.527363872330153
1812,2.5676767826080322,1.723512502126423,5.604178622790582
1813,0.09818248450756073,1.7048525902256642,5.500574768960391
1814,1.6454331874847412,1.6616326447949086,5.267904444160939
1815,6.133310317993164,1.6787157651409779,5.358669759808562
1816,4.655412673950195,1.725268873884952,5.614030292918426
1817,3.1382157802581787,1.756463409099406,5.7919174878483535
1818,0.017007924616336823,1.74614212791962,5.7324449233773755
1819,0.9210425615310669,1.73963599841637,5.695269958038754
1820,3.3129472732543945,1.7727607861292471,5.887083926159572
1821,3.349390745162964,1.8054251229149214,6.082556733198115
1822,0.8799996972084045,1.8142209591565461,6.136293891319922
1823,0.001420323271304369,1.8073360099911497,6.094190924522755
1824,2.1815061700181104e-05,1.8073361637689596,6.09419186167416
1825,2.658324718475342,1.8323565166689877,6.248594238871092
1826,3.392582893371582,1.8448712127902036,6.3272848645638895
1827,4.023509502410889,1.8666315596796994,6.466477728161329
1828,4.200003623962402,1.8949790423609738,6.652408984385768
1829,0.05106284096837044,1.8954766056269363,6.655719802328947
1830,1.777333378791809,1.8953512606352525,6.654885593468718
1831,2.396127462387085,1.9160135323137002,6.793821065892985
1832,1.0490281581878662,1.9092259878247932,6.747863847929515
1833,0.2777652442455292,1.9064413860768037,6.72909987168856
1834,0.6913525462150574,1.9128837465822652,6.772591101608623
1835,9.936518669128418,1.9720292734682516,7.1852425261323205
1836,0.00020251607929822057,1.9703176619625082,7.172954701344062
1837,1.793759822845459,1.9702146436786643,7.172215793921779
1838,0.0011865011183544993,1.9529849520454081,7.049699219726085
1839,1.587390422821045,1.968858807397928,7.1624980328702845
1840,0.6236166954040527,1.9750948336859984,7.20730311653296
1841,0.9028488397598267,1.9796155676385205,7.239959175499184
1842,0.4826646149158478,1.981510709240083,7.253692932923337
1843,4.348660945892334,1.9999766811867994,7.388883796920697
1844,3.943190574645996,2.019219783260469,7.532445700197081
1845,0.0013830630341544747,2.0192285225662454,7.5325115288309465
1846,2.9541256427764893,2.0108249280723793,7.469476587427825
1847,0.008991465903818607,2.005712231642665,7.431384879791601
1848,0.018994346261024475,2.004645005262555,7.4234581403722055
1849,1.5252939462661743,2.0109600530034912,7.4704859681318565
1850,1.8355169296264648,2.0105418715841186,7.467362602818486
1851,2.3010592460632324,2.01404247382945,7.49354867588489
1852,2.64093017578125,1.991840172804059,7.329008002248843
1853,0.5278961658477783,1.9830239997274293,7.264678187280924
1854,0.2932966351509094,1.964565016425313,7.131809695277973
1855,1.496614933013916,1.9553012625343218,7.066047438438246
1856,4.034748077392578,1.9546786944038286,7.061649711578859
1857,3.4778549671173096,1.9814327685005082,7.253127596763141
1858,0.0426652729511261,1.9748280871874704,7.2053808500531185
1859,3.3294739723205566,1.9894415462977304,7.311449515933328
1860,3.8814544677734375,2.027583924627961,7.595712357671794
1861,0.0037744250148534775,2.027616809896117,7.595962148816712
1862,0.5809969902038574,1.984051693967467,7.272147892838978
1863,1.4675710201263428,1.9691664853607471,7.164702114730055
1864,0.3337143361568451,1.9603919875537212,7.102110458498104
1865,5.126970291137695,1.9791410052691754,7.236524178443533
1866,0.10112864524126053,1.9106253618662412,6.7573132435109535
1867,0.17537204921245575,1.9048003756170329,6.71806640390831
1868,0.013412603177130222,1.8975844597825016,6.6697638852119185
1869,0.8535876870155334,1.9057588424542156,6.724508534557565
1870,0.0002615109842736274,1.861386357428255,6.43264854264211
1871,3.397406908334233e-05,1.8298204730707404,6.232767608448377
1872,0.0018841149285435677,1.8285407923138883,6.22479675683837
1873,1.999234914779663,1.8406970493472363,6.30092878894089
1874,0.11482258886098862,1.7643793261773135,5.837947771999213
1875,1.5791418552398682,1.7559018600708987,5.78866595524279
1876,3.090097427368164,1.7858632826036955,5.96472697062474
1877,1.0541974306106567,1.7963314864109452,6.027494908800476
1878,6.581289291381836,1.828544668860286,6.224820887598586
1879,0.7086830735206604,1.8356292372591452,6.269077641840885
1880,0.031215567141771317,1.8201982207618312,6.173081961626113
1881,0.0015544723719358444,1.815565881116654,6.144552279927306
1882,0.09629092365503311,1.78957703864422,5.9869196951174946
1883,1.580060601234436,1.783335618136789,5.949669180743636
1884,0.7377611398696899,1.7767370430215852,5.910539085162186
1885,1.2926695346832275,1.7892690594702616,5.985076132439264
1886,11.713720321655273,1.9054685494511978,6.722556740091094
1887,0.722217321395874,1.9120261674582617,6.766785558576529
1888,6.917174339294434,1.9237509542166844,6.846591616549738
1889,0.029145855456590652,1.920716852380301,6.825849842592229
1890,0.0001110968878492713,1.9155694333427709,6.790804606801709
1891,0.028035324066877365,1.8980204482712906,6.672672459495191
1892,0.6607640385627747,1.9039483325519724,6.712344759907938
1893,10.74819564819336,2.0113314515222918,7.4732610108466195
1894,0.054746657609939575,2.000797120021762,7.394948411617239
1895,3.1152913570404053,2.0283091020454775,7.601222594451689
1896,0.005079222843050957,1.9966628522855354,7.364438825842329
1897,1.376926064491272,2.0058827177864624,7.432651935947521
1898,0.0013849677052348852,1.9625122205015395,7.117184561749448
1899,2.212374687194824,1.9572011915441727,7.0794851882946865
1900,9.922713279724121,2.0564146127573806,7.8178893400157525
1901,0.004778157453984022,1.9880686727514147,7.301418707399013
1902,6.29051399230957,2.005116931532848,7.426962292070653
1903,5.682456016540527,2.0512307182302356,7.777467089116247
1904,4.838693618774414,2.026342531775463,7.586288944930127
1905,5.013462066650391,2.076158099917102,7.973775542697748
1906,3.141754627227783,2.0906477816378355,8.090154120558587
1907,2.527987480163574,2.06752975776546,7.90527104420395
1908,2.7752981185913086,2.095282251397275,8.127734710970484
1909,4.786002159118652,2.130039311209821,8.415197616537101
1910,1.0618900060653687,2.108362061539792,8.234742231324772
1911,1.8095965385437012,2.121935302773618,8.347276372952503
1912,8.67805938469246e-05,2.096259402753476,8.135680619511561
1913,0.6457573771476746,2.1017351516798772,8.180351756276405
1914,0.10035797953605652,2.08628439960039,8.054930590134104
1915,5.402934551239014,2.0789806419328487,7.99631365160788
1916,0.45748281478881836,2.037001343341235,7.667582244614439
1917,0.08517247438430786,2.0064709102824962,7.437025052032829
1918,4.715737819671631,2.053458209233049,7.7948106362083385
1919,0.0027090536896139383,2.0442748741546346,7.723555956824779
1920,2.454188346862793,2.035687284890719,7.65751321046947
1921,1.4301440715789795,2.0164948181548787,7.5119479889619205
1922,0.04657195508480072,2.008160540733643,7.449601497807569
1923,0.25680142641067505,2.0107143517650368,7.468650685952415
1924,0.00016342257731594145,2.0107157678401926,7.468661262130587
1925,0.0008642514003440738,1.9841411631694428,7.272798555214288
1926,2.8013790142722428e-05,1.9502156143736284,7.030203230051445
1927,0.0002901133266277611,1.9099834204827857,6.752976836507442
1928,2.3245540432981215e-05,1.867983616698566,6.475226687974494
1929,0.001259249052964151,1.867485580779412,6.4720025954228095
1930,2.5033637939486653e-05,1.8497124973278734,6.357991320313955
1931,0.0020559143740683794,1.825771781847743,6.207584071520027
1932,6.401333666872233e-05,1.8152821403992312,6.142809067577015
1933,0.0005042473785579205,1.8125095304305614,6.125801043125261
1934,0.00029774048016406596,1.8055989823732126,6.083614335151162
1935,1.1535933017730713,1.717769728699659,5.572087329426205
1936,5.152921199798584,1.7692969155368519,5.866727106321681
1937,0.26319706439971924,1.7539912879523945,5.777616849882718
1938,3.3378044463461265e-05,1.7539797567216555,5.777550227233823
1939,0.0013649680186063051,1.738119502173631,5.68663964811626
1940,0.9088999032974243,1.740972334252565,5.702885838934402
1941,0.2606487274169922,1.7345503331291365,5.666379247821832
1942,0.46238622069358826,1.734347549186914,5.665230313596474
1943,1.0627330541610718,1.7014882702696013,5.482100170151709
1944,1.9999587535858154,1.6820559520589995,5.376598644682477
1945,0.0002783149539027363,1.682044904578197,5.376539247140265
1946,0.18556438386440277,1.6543592919890762,5.229728119828094
1947,0.4529076814651489,1.6587984541446894,5.25299533624613
1948,0.47843706607818604,1.6633928813428611,5.277185368008991
1949,3.760293960571289,1.6857428814859121,5.396458372653144
1950,0.2280564308166504,1.6696682764978141,5.310405918519724
1951,0.004008473828434944,1.646697768775466,5.189813534941616
1952,1.6898984909057617,1.6371874519267111,5.1406907208484265
1953,0.26718059182167053,1.6345802961864502,5.1273055956614915
1954,0.00013207517622504383,1.6316486505867034,5.1122961646894804
1955,0.01472791749984026,1.6168297804315626,5.037096276466059
1956,0.4583666920661926,1.5810659665782987,4.860133791157794
1957,7.938897132873535,1.625676388235861,5.081855182026574
1958,0.025267072021961212,1.6255024062265693,5.080971107559832
1959,0.0066477335058152676,1.5922741438384218,4.914913448788195
1960,3.0965428352355957,1.5844250275130434,4.876486726590354
1961,5.753236293792725,1.641919646200822,5.165075118391168
1962,3.899075508117676,1.6751004313799605,5.339331358563003
1963,0.13068854808807373,1.6617316066595778,5.268425791603963
1964,4.523305892944336,1.7036275222274526,5.493840316762355
1965,1.044811487197876,1.6628059341880543,5.274088847907579
1966,1.87103271484375,1.6805049748840792,5.3682661263490825
1967,2.7110488414764404,1.705861742806719,5.506128489990408
1968,8.349685668945312,1.789224473464401,5.984809287748561
1969,2.4934699535369873,1.8056232961296155,6.083762252466361
1970,1.1231869459152222,1.816852550478925,6.152463375481483
1971,0.00016032364510465413,1.8168538139746853,6.152471149097784
1972,2.596574306488037,1.8428007158902802,6.314197793911794
1973,0.04338786005973816,1.8232422453430808,6.191901604054419
1974,0.02608131431043148,1.8223548325975754,6.186409268996567
1975,0.33251190185546875,1.8098885330637313,6.109766357335479
1976,1.0671465396881104,1.7896590241869308,5.987410556099342
1977,5.553923606872559,1.8346562859495499,6.26298110083901
1978,0.11254745721817017,1.769968867607913,5.870670590518931
1979,0.040423277765512466,1.7632862696503617,5.831570051322625
1980,0.4078293442726135,1.76705240742167,5.853573956419762
1981,0.6767448782920837,1.7738043114808715,5.893230453954679
1982,1.5059128999710083,1.7879005312440313,5.976890988893349
1983,4.339784622192383,1.8154977714536107,6.144133790793707
1984,0.0004514628672040999,1.808124674683586,6.098999093501225
1985,0.5518047213554382,1.800716026550308,6.053980723796717
1986,4.144602298736572,1.725024846321121,5.612660481925389
1987,8.436861038208008,1.8021712834892423,6.062797234841687
1988,0.1778070032596588,1.7347776101288945,5.6676672318557975
1989,0.08545882254838943,1.7353407397998126,5.670859762258877
1990,2.9109249114990234,1.7644488779459244,5.8383538257125265
1991,2.1366939544677734,1.7855354642499333,5.962771944112883
1992,6.923730373382568,1.8481651275981312,6.348160764716502
1993,6.335837364196777,1.8040415447581655,6.074146859765002
1994,6.505424499511719,1.8685483231771831,6.47888432308363
1995,0.0026559100951999426,1.8374219687077311,6.28032649455634
1996,0.2256695032119751,1.8396278715114205,6.294195575677311
1997,0.9936755299568176,1.8357953661660757,6.27011920337133
1998,0.00435748603194952,1.835825091349343,6.2703055865838815
