step,loss,loss_smooth,ppl
0,8.12138843536377,2.303869035664393,10.01284767277616
1,2.1496543884277344,2.303869035664393,10.01284767277616
2,5.478978157043457,2.303869035664393,10.01284767277616
3,0.27873197197914124,2.303869035664393,10.01284767277616
4,14.350403785705566,2.303869035664393,10.01284767277616
5,0.8817693591117859,2.303869035664393,10.01284767277616
6,1.254677414894104,2.303869035664393,10.01284767277616
7,6.056434631347656,2.303869035664393,10.01284767277616
8,4.975063323974609,2.303869035664393,10.01284767277616
9,5.368966579437256,2.303869035664393,10.01284767277616
10,0.6808769702911377,2.303869035664393,10.01284767277616
11,0.10756858438253403,2.303869035664393,10.01284767277616
12,0.01422479934990406,2.303869035664393,10.01284767277616
13,4.769084453582764,2.303869035664393,10.01284767277616
14,2.494614362716675,2.303869035664393,10.01284767277616
15,0.09588365256786346,2.303869035664393,10.01284767277616
16,0.47398245334625244,2.303869035664393,10.01284767277616
17,0.10832558572292328,2.303869035664393,10.01284767277616
18,1.152085781097412,2.303869035664393,10.01284767277616
19,1.4035931825637817,2.303869035664393,10.01284767277616
20,3.307291030883789,2.303869035664393,10.01284767277616
21,0.0014365125680342317,2.303869035664393,10.01284767277616
22,2.932505594799295e-05,2.303869035664393,10.01284767277616
23,0.0001554368354845792,2.303869035664393,10.01284767277616
24,0.035223886370658875,2.303869035664393,10.01284767277616
25,9.341373443603516,2.303869035664393,10.01284767277616
26,6.078691482543945,2.303869035664393,10.01284767277616
27,0.007669526617974043,2.303869035664393,10.01284767277616
28,0.0033141232561320066,2.303869035664393,10.01284767277616
29,2.483670711517334,2.303869035664393,10.01284767277616
30,0.01703898049890995,2.303869035664393,10.01284767277616
31,1.8343099355697632,2.303869035664393,10.01284767277616
32,0.5104918479919434,2.303869035664393,10.01284767277616
33,5.999176979064941,2.303869035664393,10.01284767277616
34,4.710442066192627,2.303869035664393,10.01284767277616
35,5.038958549499512,2.303869035664393,10.01284767277616
36,2.3834052085876465,2.303869035664393,10.01284767277616
37,0.006109135691076517,2.303869035664393,10.01284767277616
38,0.007273503113538027,2.303869035664393,10.01284767277616
39,0.002996480790898204,2.303869035664393,10.01284767277616
40,0.021790841594338417,2.303869035664393,10.01284767277616
41,0.32265621423721313,2.303869035664393,10.01284767277616
42,5.065206050872803,2.303869035664393,10.01284767277616
43,3.8857064247131348,2.303869035664393,10.01284767277616
44,0.00119138287845999,2.303869035664393,10.01284767277616
45,0.023302631452679634,2.303869035664393,10.01284767277616
46,2.9569575786590576,2.303869035664393,10.01284767277616
47,0.0015773248160257936,2.303869035664393,10.01284767277616
48,0.5155209302902222,2.303869035664393,10.01284767277616
49,1.6817131042480469,2.303869035664393,10.01284767277616
50,0.010744458995759487,2.303869035664393,10.01284767277616
51,0.0066367206163704395,2.303869035664393,10.01284767277616
52,0.00016509123088326305,2.303869035664393,10.01284767277616
53,0.9572655558586121,2.303869035664393,10.01284767277616
54,0.0084060188382864,2.303869035664393,10.01284767277616
55,4.124551773071289,2.303869035664393,10.01284767277616
56,3.382150411605835,2.303869035664393,10.01284767277616
57,0.06420480459928513,2.303869035664393,10.01284767277616
58,3.1286792755126953,2.303869035664393,10.01284767277616
59,2.345266819000244,2.303869035664393,10.01284767277616
60,0.00011503035057103261,2.303869035664393,10.01284767277616
61,0.9055016040802002,2.303869035664393,10.01284767277616
62,5.128002643585205,2.303869035664393,10.01284767277616
63,0.525022029876709,2.303869035664393,10.01284767277616
64,0.00013314791431184858,2.303869035664393,10.01284767277616
65,0.11080668121576309,2.303869035664393,10.01284767277616
66,0.43442779779434204,2.303869035664393,10.01284767277616
67,5.220738410949707,2.303869035664393,10.01284767277616
68,2.4021012783050537,2.303869035664393,10.01284767277616
69,8.903508186340332,2.303869035664393,10.01284767277616
70,0.00982461217790842,2.303869035664393,10.01284767277616
71,0.00021217002358753234,2.303869035664393,10.01284767277616
72,0.2643502950668335,2.303869035664393,10.01284767277616
73,2.445420742034912,2.303869035664393,10.01284767277616
74,0.09469825029373169,2.303869035664393,10.01284767277616
75,0.0015190026024356484,2.303869035664393,10.01284767277616
76,1.127000331878662,2.303869035664393,10.01284767277616
77,5.4950971603393555,2.303869035664393,10.01284767277616
78,0.009418223053216934,2.303869035664393,10.01284767277616
79,0.22246955335140228,2.303869035664393,10.01284767277616
80,7.312298774719238,2.303869035664393,10.01284767277616
81,0.2901049554347992,2.303869035664393,10.01284767277616
82,0.014300952665507793,2.303869035664393,10.01284767277616
83,0.9908368587493896,2.303869035664393,10.01284767277616
84,0.013582550920546055,2.303869035664393,10.01284767277616
85,8.581144332885742,2.303869035664393,10.01284767277616
86,4.778689384460449,2.303869035664393,10.01284767277616
87,6.714242935180664,2.303869035664393,10.01284767277616
88,5.441107273101807,2.303869035664393,10.01284767277616
89,4.169228553771973,2.303869035664393,10.01284767277616
90,4.718975067138672,2.303869035664393,10.01284767277616
91,7.367275238037109,2.303869035664393,10.01284767277616
92,0.008294656872749329,2.303869035664393,10.01284767277616
93,0.179500013589859,2.303869035664393,10.01284767277616
94,7.9494547843933105,2.303869035664393,10.01284767277616
95,1.5306308269500732,2.303869035664393,10.01284767277616
96,0.07158155739307404,2.303869035664393,10.01284767277616
97,0.38755154609680176,2.303869035664393,10.01284767277616
98,2.6484522819519043,2.303869035664393,10.01284767277616
99,3.4302244186401367,2.303869035664393,10.01284767277616
100,0.010888447985053062,2.2227640357906058,9.23281546187425
101,0.002706200582906604,2.2012945539121573,9.036704431605369
102,0.03313663229346275,2.1468361386646575,8.557740017643201
103,0.19821427762508392,2.146030961721117,8.550852295981635
104,0.010825948789715767,2.0026351833519582,7.408553294609282
105,1.0399118661880493,2.004216608422721,7.4202786354577865
106,0.03539201244711876,1.992023754398251,7.330353596731154
107,0.003780125407502055,1.9314972093388496,6.899833006396707
108,3.6195790767669678,1.9179423668667732,6.806937868716882
109,4.385512828826904,1.9081078293606697,6.740322883635418
110,0.7561512589454651,1.908860572247213,6.745398523825439
111,0.010652701370418072,1.907891413417092,6.738864328131562
112,3.5912117958068848,1.9436612833816616,6.984275627911784
113,0.0038801159244030714,1.896009240005078,6.659265811786384
114,0.000987637904472649,1.871072972756956,6.495261900790612
115,4.295422077178955,1.9130683570030669,6.7738415079172745
116,0.2091495245695114,1.9104200277152996,6.755925878775005
117,5.067050457000732,1.9600072764280776,7.099378723087364
118,0.11670681834220886,1.9496534868005255,7.026252469491071
119,0.001430917764082551,1.9356318641525285,6.9284204931188516
120,0.005224266555160284,1.9026111965092423,6.703375439735254
121,0.0018913729581981897,1.902615745113144,6.70340593080428
122,1.6758915185928345,1.9193743670485128,6.816692387551442
123,1.7125036716461182,1.9364978493966192,6.934423001697554
124,0.15317046642303467,1.937677315197143,6.942606741746449
125,0.0013786583440378308,1.844277367344548,6.32352855070903
126,0.0005172345554456115,1.7834956248646632,5.950621244007414
127,2.4007327556610107,1.8074262571550934,6.094740932788194
128,0.13086353242397308,1.8087017512467718,6.102519698668639
129,0.0020419952925294638,1.7838854640845239,5.9529414817813215
130,0.005114448256790638,1.7837662187621026,5.952231663677057
131,0.014706420712172985,1.7655701836135267,5.844904076677214
132,0.13397382199764252,1.7618050033535837,5.822938337659839
133,1.557312250137329,1.7173863560643077,5.569951553047583
134,0.5724747776985168,1.6760066831793665,5.344172330452747
135,0.06466798484325409,1.626263777532804,5.084841086227344
136,6.432730197906494,1.6667570274259924,5.294968486226816
137,7.451786518096924,1.7412138012500509,5.704263063925435
138,0.001065401709638536,1.7411517202360118,5.703908948482117
139,0.04526622220873833,1.7415744176501904,5.706320485684714
140,2.625279188156128,1.7676093011158083,5.856834682698945
141,0.005221064668148756,1.7644349496201175,5.838272507784579
142,0.00271547376178205,1.7138100438490074,5.550067244710557
143,0.00010013079008786008,1.6749539809097769,5.338549468230576
144,1.6277174949645996,1.6912192420306382,5.426092393596319
145,7.953889846801758,1.770525114184129,5.873937039326259
146,1.346671223640442,1.7544222506339429,5.780107323745404
147,0.0009277330245822668,1.7544157547160284,5.780069776764643
148,5.785581111907959,1.807116356532206,6.092852461411127
149,0.005413159728050232,1.7903533570870058,5.991569255828645
150,0.0038218090776354074,1.7902841305878245,5.9911544948208535
151,1.1604282855987549,1.8018220462376484,6.060680249884941
152,2.408426284790039,1.82590465817324,6.20840896728501
153,0.08256594836711884,1.8171576620983252,6.15434084995035
154,0.0011269653914496303,1.8170848715638568,6.153892888494456
155,5.21821403503418,1.8280214941834856,6.2215650706973165
156,6.2750325202941895,1.8569503152703692,6.404176241375392
157,8.84090518951416,1.944717319119518,6.99165516842134
158,4.058103084564209,1.9540115572100332,7.05694019352871
159,0.17988477647304535,1.932357736784761,6.905773057492863
160,0.0950825959444046,1.9333074124406995,6.91233441713963
161,0.3708237111568451,1.9279606335114658,6.875474322328513
162,0.00041738382424227893,1.8766847809138563,6.531814531755548
163,3.684034824371338,1.9082749088588025,6.741449147485247
164,5.129846572875977,1.9595720431084191,7.096289509231369
165,3.755022044060752e-05,1.958464351798466,7.088433362904866
166,0.9261680245399475,1.963381754065922,7.123375884000947
167,1.7220007181167603,1.9283943771375924,6.8784571623395765
168,2.251345634460449,1.9268868206991465,6.8680953124571404
169,4.865900039672852,1.8865107392324716,6.596312225983123
170,0.5914468765258789,1.8923269618759513,6.6347896346338935
171,1.237715482711792,1.9047019950028334,6.717405508919422
172,3.1884169578552246,1.9339426616307174,6.916726866981642
173,0.44680941104888916,1.9139565483208572,6.7798606478108905
174,4.712588310241699,1.9601354489203369,7.100288726469249
175,2.950625419616699,1.9896265130904793,7.312802016380615
176,2.3702855110168457,2.002059364881861,7.404288540765402
177,4.278109073638916,1.9898894840148569,7.314725323562502
178,0.8700616359710693,1.9984959181440354,7.377950707522014
179,0.2441786378622055,1.9987130089891434,7.379552566944492
180,1.5276005268096924,1.940866026510048,6.964780043746419
181,0.0011144625023007393,1.937976121580723,6.944681546926647
182,0.0019450333202257752,1.9378525623872702,6.943823520685529
183,2.6447198390960693,1.954391392190737,7.059621175404064
184,0.1539587378501892,1.9557951540600333,7.069538161336638
185,4.641961574554443,1.9164033264767204,6.796469773880993
186,1.318838119506836,1.8818048138271843,6.5653433983463
187,10.56761360168457,1.9203385204922234,6.823267894381014
188,0.9799416065216064,1.8757268638264213,6.525560590860268
189,4.978669166564941,1.883821269954351,6.578595481901037
190,0.006829964462667704,1.836699818927591,6.2757927953610535
191,1.6081428527832031,1.779108495075052,5.924572278158325
192,0.016040682792663574,1.779185955334251,5.925031214837083
193,0.16505947709083557,1.779041549969261,5.924175670316022
194,0.559302568435669,1.7051400278096844,5.502156068134224
195,0.5719961524009705,1.6955536810641934,5.44966250497051
196,5.902176856994629,1.7538596340602088,5.776856254205663
197,0.31716474890708923,1.7531557660883117,5.772791540788684
198,3.7920267581939697,1.7645915108507324,5.839186626468968
199,2.1339945793151855,1.751629212457483,5.7639857878391965
200,1.225633144378662,1.763776659421419,5.834430494933818
201,2.8057520389556885,1.791807117805147,6.0002858982738205
202,1.362136960029602,1.8050971210825082,6.080561970604646
203,0.13352267444133759,1.8044502050506708,6.076629629667619
204,7.576818943023682,1.8801101349930105,6.554226672150878
205,0.6830462217330933,1.8765414785484609,6.530878574346881
206,0.0957336276769638,1.8771448947007594,6.534820601189065
207,0.17130611836910248,1.8788201546303753,6.545777299385697
208,2.0329864025115967,1.8629542278878217,6.442742012828101
209,0.21542608737945557,1.8212533604733472,6.1795988630624015
210,0.23591554164886475,1.8160510033003812,6.147533861704627
211,6.979496002197266,1.8857394363086497,6.591226432672538
212,0.5285722613334656,1.8551130409639154,6.392420815191135
213,3.1943325996398926,1.8870175658010704,6.5996562596249895
214,3.4163053035736084,1.9211707424577618,6.828948731330241
215,2.592395782470703,1.904140479510679,6.7136346404586895
216,0.946308970451355,1.9115120739694975,6.76330769223182
217,0.2014552354812622,1.862856121754303,6.442109971324045
218,2.861694812774658,1.8903060016986273,6.6213945290439735
219,0.4435020089149475,1.894726712610136,6.650730595446903
220,0.04184167832136154,1.895092886727798,6.653166366785493
221,3.3777787685394287,1.9288517606836104,6.8816039750629425
222,2.461806535720825,1.9367109108548903,6.935900617380452
223,1.7296531200408936,1.936882405338838,6.937090188077033
224,2.5345492362976074,1.9606961930375837,7.104271288098019
225,0.26612234115600586,1.9633436298657034,7.1231043161692
226,0.05351043492555618,1.9638735618694045,7.126880077472054
227,0.15771372616291046,1.9414433715744235,6.968802286128304
228,10.660346984863281,2.0467382060988166,7.74260509147433
229,0.7428792715072632,2.054146578860964,7.8001781943256905
230,6.912041664123535,2.1232158510196313,8.35797230994095
231,1.6362780332565308,2.139431567145075,8.494607642181098
232,0.026224737986922264,2.1383540763049678,8.485459709548204
233,1.2529956102371216,2.1353109099059657,8.459676295188187
234,1.2552399635314941,2.1421385617642956,8.517633650940912
235,1.3113123178482056,2.154605005094345,8.62448287927882
236,5.485937595367432,2.145137079068954,8.54321225261288
237,0.010808495804667473,2.0707272988460317,7.9305889290378575
238,0.02609722502529621,2.0709776170791883,7.932574348529449
239,2.2763452529907227,2.0932884073870084,8.111545420623035
240,2.1229248046875,2.0882648635523218,8.070898896911858
241,1.7089080810546875,2.1053017337161872,8.20957974292421
242,1.5999631881713867,2.1212742108602836,8.34175987969943
243,0.17382051050662994,2.123011414657449,8.356263811132273
244,0.006629260256886482,2.1068005323103716,8.221893475098858
245,6.758938252460212e-05,2.0272623097361793,7.593269856257343
246,0.0003067976504098624,2.013798665476279,7.4917219088224005
247,2.0206422805786133,2.0339958109518195,7.644571674658029
248,0.00014077626110520214,1.9761414075953507,7.214850040449494
249,0.9941427707672119,1.9860287037057425,7.2865392212520534
250,0.0011689979583024979,1.986002175594549,7.28634592569327
251,0.847927451133728,1.9828771672498988,7.26361157489281
252,3.789355516433716,1.9966864595663356,7.364612682269756
253,0.0011544713051989675,1.9958723447957163,7.358619482212591
254,0.2199564427137375,1.9980606395689393,7.374739942490223
255,1.6012696027755737,1.9618911952463531,7.112765982557424
256,0.11589870601892471,1.9002998571036005,6.687899555830457
257,1.1393893957138062,1.8232846991655969,6.1921644795261495
258,1.5043927431106567,1.7977475957510614,6.036036547157834
259,2.6573657989501953,1.822522405975833,6.1874460333616845
260,1.9694360494613647,1.8412659405110026,6.304514351453153
261,1.6158528327941895,1.853716231727376,6.383498055899675
262,5.163579940795898,1.9053478572970926,6.721745429197453
263,1.242121934890747,1.8809287284022866,6.559594115484747
264,2.283461332321167,1.8524648759967386,6.375515024873436
265,9.97731985989958e-05,1.85246549822652,6.37551899190999
266,0.32087451219558716,1.8464125631030766,6.337044946990271
267,0.0010114560136571527,1.8292026704820454,6.228918177701722
268,2.450666904449463,1.8311958831819357,6.241346118169905
269,0.7599777579307556,1.7901366603645146,5.9902710430726325
270,1.9791619777679443,1.8040138113769353,6.073978405470407
271,0.005183234345167875,1.7916884888932691,5.999574133105551
272,0.06144758313894272,1.7604187951461063,5.814872124761454
273,1.0411096811294556,1.766361797846912,5.849532817784037
274,0.538356602191925,1.7246194807664141,5.610385763773094
275,2.706362009048462,1.722176846660732,5.596698367616246
276,0.7577497959136963,1.7060514895097003,5.50717335884465
277,0.007824721746146679,1.6633486459907727,5.276951935019234
278,1.7290170192718506,1.6719381998237806,5.3224738242131275
279,1.4419584274291992,1.6839159977194504,5.386608670325852
280,2.58992075920105,1.694539200043364,5.444136729160548
281,0.44437068700790405,1.69897176228842,5.468321765324082
282,0.06664200127124786,1.6996187319679301,5.471860748387979
283,0.0007154765771701932,1.6731786883427413,5.329080388721056
284,0.00027021096320822835,1.6716418030738713,5.32089649403947
285,4.263091564178467,1.6678531029701116,5.3007753534926945
286,0.06875304132699966,1.6553522521883133,5.234923610734874
287,1.2385895252227783,1.5620620114236954,4.768644112860902
288,0.3092900514602661,1.555355495873082,4.7367701281170245
289,0.0017364437226206064,1.5055861686446588,4.50679459786786
290,0.0006020640721544623,1.5055238896407537,4.506513927929513
291,1.5735502529423684e-05,1.4894426184679468,4.434623053022865
292,0.0005042473785579205,1.4892872541138058,4.43393412419525
293,1.3407657146453857,1.5010443164893514,4.486371816843478
294,0.04392991587519646,1.4958905899637467,4.46330976221434
295,2.9604177474975586,1.5197748059147125,4.57119567299711
296,0.10182183980941772,1.4617712557428604,4.31359324252255
297,0.3587755262851715,1.4621873635166411,4.31538853569551
298,0.49455344676971436,1.4292126304023987,4.17541030617624
299,0.0014149664202705026,1.4078868342734494,4.0873091102371895
300,0.198131263256073,1.3976118154622237,4.045526956051112
301,1.0319629907608032,1.3798739249802747,3.9744005232826813
302,1.0938540697097778,1.3771910960770766,3.9637521769184825
303,0.8781732320785522,1.3846376016534487,3.9933784488076407
304,0.36824488639831543,1.312551861087195,3.715643430252366
305,2.555680751800537,1.3312782063878694,3.7858794314522424
306,7.263469696044922,1.402955567071549,4.06720311164733
307,3.1178371906280518,1.4324208777941385,4.188827566837747
308,0.6016393899917603,1.4181074076689402,4.129297962549105
309,3.1751229763031006,1.4477043765581765,4.253339234027772
310,0.2902070879936218,1.448247292021624,4.255649064633854
311,0.33347293734550476,1.3817870613731065,3.9820113715374847
312,1.6022100448608398,1.3925234392083803,4.024994076564219
313,0.009081132709980011,1.3606709245390811,3.8988082306022545
314,0.09072554111480713,1.3274151269144931,3.771282491055306
315,0.08984483033418655,1.302389617393128,3.6780753674462354
316,0.3321976959705353,1.2962485046483199,3.655557106290852
317,0.00024375328212045133,1.2942363898263283,3.6482091006492774
318,0.0009304723353125155,1.265628746421935,3.545321143467559
319,0.17466895282268524,1.2629404158610122,3.535802948049532
320,0.002526308177039027,1.262547262159569,3.53441310726136
321,0.43459588289260864,1.233115433303101,3.4319047690780407
322,0.05285460501909256,1.2090259139960835,3.350219660534303
323,2.3200671672821045,1.2149300544684956,3.3700583355561347
324,0.6096758842468262,1.1956813209479877,3.3058093205406083
325,0.5638578534126282,1.198658676070554,3.315666555818583
326,8.117530822753906,1.2792988799488376,3.5941189331332004
327,0.3382739722728729,1.2811044824099371,3.6006143454258654
328,0.0859263688325882,1.1753602762496302,3.2393097800125927
329,0.5375024080276489,1.1733065076148341,3.2326638141621578
330,0.646840512752533,1.110654496101124,3.036345020222746
331,5.009239673614502,1.1443841125047038,3.140506562371806
332,0.41956639289855957,1.1483175290538201,3.1528838093327103
333,2.514425754547119,1.16093183049692,3.192907138578692
334,0.8863017559051514,1.1572424484206567,3.1811489877032004
335,0.11323225498199463,1.1452616477919946,3.1432636772561255
336,2.5192923545837402,1.1155951953841576,3.0513838083600593
337,0.20241202414035797,1.1175112306675146,3.0572359720856648
338,0.16254380345344543,1.118875696451796,3.0614103131892167
339,0.7214145660400391,1.1033263895822893,3.0141756893056093
340,2.9798951148986816,1.111896092684401,3.0401172771515643
341,1.77590811252594,1.1125660929991137,3.0421548391914013
342,0.08057881891727448,1.0973722493065725,2.9962821875087084
343,6.140456676483154,1.1570386109663378,3.180500616475153
344,0.10803629457950592,1.158052681309564,3.183727503695721
345,1.2279400825500488,1.170331406241239,3.223060603953564
346,0.24753457307815552,1.1728036839955167,3.231038763034368
347,2.126333713531494,1.1738605983250454,3.2344554994830776
348,0.6145737171173096,1.1800049277336075,3.2543902396183144
349,10.180890083312988,1.2718724008590652,3.5675261516196786
350,0.2063654065132141,1.2739243649446144,3.574854102932288
351,6.3391900062561035,1.3288369904958381,3.7766485542851966
352,1.3739326000213623,1.3046827613317147,3.6865194016734604
353,3.3128790855407715,1.3378000074740704,3.810650873447082
354,4.850277900695801,1.384103222053891,3.9912450389074166
355,3.64304518699646,1.4045209778960999,4.0735749413883875
356,0.018171150237321854,1.4035437023382837,4.069595880801253
357,0.0001394651480950415,1.3921512030326266,4.02349610697826
358,0.31302231550216675,1.3802374987565418,3.975845773801003
359,2.3236498832702637,1.3769003395997423,3.962599857828734
360,2.546037197113037,1.3826663510762591,3.9855142529323975
361,0.17949363589286804,1.3683027591072459,3.9286771222754617
362,6.088550567626953,1.3775524653755564,3.9651848141019603
363,3.518373966217041,1.4003149856888195,4.056477497990984
364,7.456268310546875,1.4520430554710766,4.271833197946431
365,2.9824132919311523,1.481866190658402,4.401151409456841
366,0.17526720464229584,1.4804101175828692,4.3947476746724945
367,0.015839355066418648,1.4805583965733968,4.395399371736616
368,1.6999385356903076,1.4730511128858053,4.3625254131950655
369,2.362276077270508,1.4890740960792028,4.432989096235508
370,0.3849095106124878,1.473131571407648,4.362876429662257
371,1.2981691360473633,1.4860614304246702,4.419654079298014
372,3.398587226867676,1.5194328268619575,4.569632687100352
373,2.755314350128174,1.5365748735519447,4.64864078956954
374,0.6591606140136719,1.5377829136701622,4.6542599275272005
375,0.5375478863716125,1.5160947724433935,4.5544044350252255
376,5.490050792694092,1.5634177824111974,4.775113686838206
377,1.3711729049682617,1.5770512642434187,4.840660915732863
378,0.34607788920402527,1.5632218729427405,4.774178288483685
379,1.4267675876617432,1.5630699645450659,4.7734531057917335
380,1.1906543970108032,1.5490773009231633,4.707124918396638
381,2.200671672821045,1.5666403107812947,4.790526446854631
382,0.22182002663612366,1.5681920910349436,4.797966062030509
383,0.47202152013778687,1.5729051514705497,4.820632538327766
384,0.01604197360575199,1.5730628690969752,4.821392897008988
385,1.9929847717285156,1.5503618011724756,4.71317510643001
386,3.4371328353881836,1.5840455991130875,4.874636800013812
387,0.2760324776172638,1.5744200286370325,4.827940738603342
388,1.4637994766235352,1.585965122888665,4.8840027674715545
389,0.6888955235481262,1.5928367136869201,4.917679208796113
390,1.2679213285446167,1.6055099063316447,4.980398492112033
391,0.05908847600221634,1.6061006337366417,4.983341419137372
392,0.04051772505044937,1.6065007685133605,4.985335826332661
393,3.162266969680786,1.6247157810637145,5.0769758594222605
394,8.814011573791504,1.7124165976428776,5.542338910324269
395,3.8944525718688965,1.721756945886591,5.5943488029655795
396,0.5522165894508362,1.7262608933830053,5.619602283736479
397,2.408667802810669,1.74675981614826,5.7359868809279995
398,1.0100797414779663,1.7519150790953426,5.765633754615175
399,4.256146430969238,1.7944623937408324,6.016239484239809
400,1.9107903242111206,1.8115889843503827,6.120164555708288
401,0.6966980695724487,1.8082363351384994,6.099680148537272
402,4.5121893882751465,1.842419688324153,6.311792368790076
403,0.26202479004859924,1.8362582039038535,6.273021922851256
404,4.150546073913574,1.874081215779006,6.514830646093488
405,0.5252271890640259,1.8537766801516409,6.383883939961375
406,1.964233160018921,1.800784314791381,6.054394153607871
407,4.905389308929443,1.8186598359743948,6.163592687193929
408,0.3312172293663025,1.8159556143681401,6.146947482981108
409,6.465118408203125,1.8488555686871404,6.352545309208756
410,0.3541187345981598,1.849494685153186,6.356606623205252
411,0.02905287593603134,1.8464504845390912,6.337285261391255
412,0.053196702152490616,1.8309603511120076,6.239876254106412
413,0.004909721668809652,1.830918637001596,6.239615968648219
414,3.5479493141174316,1.8654908747316221,6.45910571971862
415,0.2480373978614807,1.867072800406895,6.469331631079293
416,0.09011688083410263,1.8646519922555307,6.453689561196986
417,1.7041187286376953,1.8816907420090865,6.56459452040216
418,5.577998161315918,1.9374614188988926,6.94110802044071
419,0.9433932304382324,1.945148661675048,6.994671617343696
420,0.8980614542961121,1.9541040131362388,7.05759267963312
421,0.01228609960526228,1.9498809153033654,7.027850621296531
422,0.008536279201507568,1.9494377320451894,7.024736685633254
423,0.045124590396881104,1.9266883062763371,6.866732031800302
424,2.8608906269073486,1.9492004537029424,7.023070065492017
425,1.7666211128234863,1.961228086297051,7.108051007224039
426,4.116567611694336,1.9212184541864554,6.829274560052237
427,1.455648422241211,1.9323921986861388,6.90601104766368
428,0.08878348022699356,1.9324207698000828,6.9062083629109665
429,0.032226890325546265,1.9273680146230618,6.871400993463388
430,0.05613340437412262,1.9214609435392775,6.830930787221161
431,1.7637221813201904,1.8890057686163346,6.612790767486235
432,4.068798065185547,1.9254980853392043,6.858563965432434
433,2.2506277561187744,1.922860105354921,6.840495054162199
434,1.8183889389038086,1.9321809771849074,6.904552503686019
435,0.006177261006087065,1.9311104272451485,6.897164790582619
436,0.39355361461639404,1.909853039845475,6.75209643647856
437,3.5955300331115723,1.9437842199351871,6.985134303466578
438,1.9623064994812012,1.9617818468954646,7.111988255849317
439,0.203519806265831,1.9566028992977227,7.075250854008666
440,0.008807620033621788,1.926892024349072,6.868131051713788
441,0.00022599527437705547,1.9091352031765565,6.747251273290338
442,1.0694409608840942,1.9190238245962246,6.8143032662540985
443,0.030068814754486084,1.857919945978938,6.410388938846485
444,0.9367049932479858,1.8662066329656226,6.463730532748347
445,0.19251146912574768,1.8558523468313797,6.39714851680054
446,6.931249141693115,1.9226894925175293,6.83932807744528
447,3.0708463191986084,1.9321346185742003,6.904232425643638
448,2.539431095123291,1.9513831923542602,7.038416334329038
449,4.1418538093566895,1.8909928296146972,6.625943849771232
450,1.8552043437957764,1.907481218987523,6.736100650383902
451,0.3198176920413971,1.8472874958453758,6.342591861338454
452,1.868364930152893,1.852231819146691,6.374029340555486
453,2.0848233699798584,1.839951261991082,6.296231387766995
454,1.1936570405960083,1.8033850533900841,6.070160543417414
455,0.43856608867645264,1.771340262406884,5.878727120712367
456,1.6955863237380981,1.7881144141418917,5.978169480377106
457,1.83469557762146,1.8064599752666255,6.088854539425594
458,3.1513381004333496,1.8348431331159372,6.264151430443818
459,0.09930881857872009,1.8125997224690218,6.126353566524775
460,1.5521645545959473,1.8026609960438509,6.065766989867445
461,0.02650502137839794,1.8011311098987062,6.056494151991696
462,1.8726404905319214,1.7589720091277559,5.806465331954417
463,1.1400039196014404,1.7351883086615998,5.66999541252925
464,0.9449074864387512,1.6700747004205185,5.312564633171204
465,3.3410801887512207,1.6736613693887192,5.331653255704295
466,0.20226284861564636,1.6739313258284527,5.333092764128641
467,1.9558753967285156,1.6933316862450738,5.437566826362742
468,0.1011076346039772,1.6773433772342106,5.351320630315538
469,3.4036943912506104,1.6877575603740116,5.407341462691762
470,1.7403171062469482,1.7013116363303562,5.481131930717809
471,0.7748003602027893,1.6960779485719104,5.45252033501815
472,1.4539415836334229,1.6766314921395677,5.347512460572625
473,3.9939355850219727,1.6890177044885057,5.4141597873446035
474,0.05662669241428375,1.682992365272512,5.381635720721319
475,0.6333469748497009,1.6839503561572928,5.3867937489645215
476,2.4312400817871094,1.653362249048223,5.2245164548822505
477,0.18520359694957733,1.641502555968036,5.162921265214467
478,3.948150157928467,1.6775232786552805,5.352283427103191
479,3.397733211517334,1.6972329348938364,5.4588215596387615
480,3.7253267765045166,1.7225796586887736,5.598953239150242
481,1.424425721168518,1.7148171991722483,5.5556598403138855
482,0.21220923960208893,1.714721091301908,5.555125923335521
483,0.24192988872528076,1.712420174987783,5.542358737217597
484,0.001010741456411779,1.7122698626662896,5.541525715017576
485,0.0021645228844136,1.6923616601778486,5.43229480221271
486,0.5874138474464417,1.663864470298431,5.279674617250131
487,4.294821739196777,1.7040523629142263,5.496174819516317
488,6.265452861785889,1.7520688967658498,5.766520679178893
489,5.725136756896973,1.8024313090993382,6.0643739223722495
490,9.201905250549316,1.8817711483193853,6.565122376447348
491,5.459933757781982,1.9357796011371828,6.9294441526852495
492,0.046471934765577316,1.9358391432343343,6.929856758605783
493,7.299055099487305,1.9772070245323994,7.222542404679753
494,3.160820960998535,1.9206751184044697,6.825564978684163
495,0.000924993772059679,1.8817398426235012,6.564916853939819
496,1.0542519092559814,1.8867601958215527,6.5979579247882025
497,1.0109869241714478,1.8727833870351605,6.506380995905166
498,2.9632651805877686,1.8923152414262585,6.634711872371464
499,1.4170305728912354,1.8639240828454786,6.448993569171576
500,4.347797393798828,1.8882941535413555,6.608086679836763
501,5.389066696166992,1.935217839807301,6.925552552100396
502,1.069852352142334,1.9007944694459729,6.691208291698662
503,4.282902717590332,1.9410032487213902,6.965735831841713
504,2.5561256408691406,1.9250590443909459,6.8555534359265815
505,7.444517612457275,1.9942519486248784,7.346705258868818
506,1.667844533920288,1.991288062363892,7.324962697245057
507,0.5334075689315796,1.9475682449639136,7.01161629916789
508,0.01292200293391943,1.9443852926995897,6.989334139529175
509,1.8951932191848755,1.898686040809407,6.677115218863252
510,4.182868957519531,1.9369735430386208,6.937722447330849
511,0.04324151203036308,1.9371154293995643,6.938706885359649
512,0.5050299167633057,1.9416337615456722,6.970129202506976
513,6.029059410095215,2.001875258429936,7.4029254889503
514,1.0401606559753418,1.9767973718485154,7.219584276743102
515,0.012132537551224232,1.9744383232454128,7.2025729996439445
516,1.1065175533294678,1.9846023299703666,7.276153301947213
517,0.006244789808988571,1.9676235905820796,7.153656256736086
518,0.751481831073761,1.919358427279658,6.816583731916405
519,2.1419177055358887,1.9313436720306345,6.898773705932924
520,3.119891405105591,1.9535619715387293,7.053768207427631
521,4.625213477993384e-05,1.9534395730640244,7.052904889793578
522,0.6254128813743591,1.959608339085753,7.096547080668925
523,1.2950936555862427,1.9721080297376465,7.185808431312374
524,4.089883804321289,1.984397961511786,7.274666437651755
525,0.003973922226577997,1.9667714896058168,7.147563215567705
526,0.17059975862503052,1.927311811075124,6.871014807200872
527,0.3327392041683197,1.916082718894395,6.794291123403035
528,3.8253509998321533,1.9534483940904466,7.05296710392836
529,2.5483767986297607,1.9786098931734886,7.232681793380546
530,8.15388011932373,2.059587360322985,7.842732919750716
531,0.04332302138209343,2.0423833687236037,7.708960616719703
532,0.13941024243831635,2.0030894904961314,7.411919817958912
533,0.006543163675814867,1.980648644571702,7.247442475067106
534,0.4034583270549774,1.9664993384532137,7.145618262672874
535,0.9044371843338013,1.9754819376864907,7.210093632477227
536,7.33767557144165,2.0449231572547433,7.728564630968315
537,0.0018713833997026086,2.0089865707576244,7.4557576345383
538,0.18964111804962158,1.9912599169433087,7.324756535990447
539,0.8147053718566895,1.9973717725992173,7.3696614771279005
540,0.006005457136780024,1.997343750970249,7.369454970101712
541,0.37053942680358887,2.001046885285541,7.396795643535481
542,0.9069138765335083,1.9994216144420351,7.384783611287718
543,0.08018281310796738,1.99992275442557,7.388485349092027
544,0.9502983093261719,2.000058687586352,7.389489757523579
545,0.05083649232983589,1.9986419378183928,7.379028112140973
546,1.9792734384536743,1.9491221807859984,7.022520370825472
547,8.112482070922852,1.9995385383032407,7.385647119183072
548,2.5017218589782715,1.9991614459417906,7.382862573118584
549,7.044492721557617,2.0281878350638,7.6003008730189165
550,0.1832832545042038,2.011468624170884,7.474286208166007
551,1.441662073135376,2.022687067981824,7.558608164233162
552,0.1586143970489502,2.0055895626507847,7.430473335210393
553,1.9780430793762207,2.004521759744748,7.422543288806613
554,1.2420705556869507,2.0050058948956577,7.426137672935519
555,0.1647612750530243,2.0022678467594233,7.405832361666141
556,4.610987186431885,2.031421855386361,7.624920188725953
557,0.0002619877050165087,2.013077519487197,7.486321231189094
558,0.3055793046951294,1.9846199315298145,7.276281374719246
559,5.850611686706543,2.042132960211093,7.707030469031458
560,0.003649243852123618,2.0266478071036547,7.5886052053081325
561,0.0023298519663512707,2.026406055409534,7.58677086887964
562,0.07435893267393112,2.0084232398309543,7.45155875847042
563,0.8680683374404907,2.0057038840093444,7.43132284557448
564,0.22889423370361328,1.9985437514819933,7.378303627972257
565,0.002091008238494396,1.965153859676866,7.136010449960041
566,15.157079696655273,2.114702028157262,8.287116070941046
567,2.7062184810638428,2.1222054590006154,8.349531746280983
568,2.0676310062408447,2.141870692716984,8.515352346088605
569,0.01625709980726242,2.1079963198025506,8.231730993096669
570,0.13589903712272644,2.0919521391113083,8.100713458625954
571,0.002686821622774005,2.0842310037255083,8.038407598814645
572,0.5523993968963623,2.0752155818581377,7.9662636558512245
573,0.005108162295073271,2.035327307630869,7.654757175931342
574,0.4013460576534271,2.0387745012832603,7.681190139876018
575,0.004003487061709166,2.03248106640538,7.633000867025243
576,0.8682838082313538,2.0168515036698227,7.514627869907541
577,0.039123814553022385,2.0153907058458573,7.503658531810531
578,2.4948596954345703,2.0008578012209184,7.3953971595697015
579,1.805153250694275,1.9849320016126877,7.27855243879801
580,0.000990734319202602,1.9476886411908345,7.012460522134537
581,0.0018867325270548463,1.9334632513044199,6.913411711420831
582,0.7106534242630005,1.938447693151029,6.947957233608659
583,1.8659863471984863,1.954688257735761,7.061717244801962
584,2.818490505218506,1.982863055373382,7.2635090724264515
585,8.828405380249023,2.0711254639470282,7.9337472415029255
586,2.133960008621216,2.0865909255587756,8.05740001390488
587,2.6512694358825684,2.070155402525634,7.926054751074181
588,2.076732635498047,2.0282682002627554,7.600911697254876
589,3.9595067501068115,2.0106119001948537,7.467885550157841
590,2.5910024642944336,1.9445028723323048,6.990155991185786
591,1.6634432077407837,1.906537966831893,6.72974980462024
592,0.00014482879487331957,1.906074695772186,6.726632828354886
593,0.09925376623868942,1.8340766824396997,6.2593521068012725
594,0.7739060521125793,1.81020753335084,6.111715685459222
595,0.01360336598008871,1.8103343170729205,6.112490600644399
596,1.9350850582122803,1.8191426485624833,6.166569265838153
597,0.014197180047631264,1.8091747511212453,6.105406872482678
598,0.020587678998708725,1.7797479761053545,5.9283621413865335
599,0.0054818070493638515,1.7656324884469359,5.845268253796884
600,1.994162917137146,1.742096143680319,5.709298398378087
601,4.915467739105225,1.7373601541097015,5.682323148379468
602,0.4317203164100647,1.7309788337523786,5.646177873940272
603,0.44513392448425293,1.692601145821318,5.433595914621586
604,0.8345998525619507,1.675385887938246,5.340855723275765
605,0.06916528195142746,1.6016323646331876,4.961124181904333
606,0.02271595038473606,1.585181078797832,4.880174994729491
607,0.8312283158302307,1.5881592862668186,4.894730832742652
608,0.3055615723133087,1.5910856819606125,4.909075731161124
609,0.29219722747802734,1.575055722043544,4.831010804404808
610,0.004261935595422983,1.5332696518243027,4.633301365092002
611,13.461090087890625,1.6674481375829056,5.298629157546042
612,0.0001225396408699453,1.662399063811681,5.271943413879376
613,0.005724702030420303,1.6021657167310333,4.963770913651648
614,1.0188884735107422,1.601952994906387,4.962715123544551
615,0.7431277632713318,1.6092629471635882,4.999125250175091
616,1.2885726690292358,1.611083498320586,5.0082347030297045
617,2.6264641284942627,1.6372856917074388,5.141195765984987
618,0.6765559911727905,1.636536433308429,5.137345124619203
619,5.038948059082031,1.6655067368438905,5.288352373889307
620,1.245469570159912,1.6467625184944337,5.190149584788948
621,3.405735969543457,1.6808194156685203,5.369954393577066
622,6.03496789932251,1.7349149658480019,5.668445771831325
623,0.41253185272216797,1.726089347819361,5.618638348577023
624,0.6305785179138184,1.6914962949552865,5.427595916631486
625,1.1125264167785645,1.7025818199008063,5.488098397853103
626,0.12447520345449448,1.702120574349101,5.485567620579521
627,5.190740585327148,1.7507005881606892,5.758635695087762
628,0.26326853036880493,1.7150797634660557,5.557118749736872
629,3.3088696002960205,1.7226846914827183,5.599541343736708
630,0.08758275210857391,1.6420217178105667,5.16560235283033
631,2.520789384841919,1.666796381445165,5.295176868618457
632,4.331842422485352,1.7087207032456353,5.521892817571651
633,0.6412330269813538,1.7150676018786908,5.557051166762658
634,0.9853293895721436,1.7208863125038625,5.589480295793054
635,3.103153944015503,1.7428734801006796,5.713738169332121
636,3.1549112796783447,1.7010458371830464,5.479675244125935
637,1.009941816329956,1.7111265415123489,5.535193591957382
638,1.4154783487319946,1.7233849138191726,5.603463640739215
639,5.2302398681640625,1.7675402587822464,5.856430327124151
640,0.0032185916788876057,1.7675123901276675,5.856267118564512
641,0.06823430210351944,1.7644893388806668,5.8385900557446835
642,0.978263258934021,1.7652028327046718,5.84275734017942
643,0.650999128818512,1.7709109958617772,5.8762041213899785
644,2.7894584491150454e-05,1.7614082917143605,5.820628768393606
645,3.4231796264648438,1.7951317230557107,6.020267677635515
646,0.8635303974151611,1.7839742926453255,5.953470296492261
647,0.47179925441741943,1.7075674644802712,5.515528427252424
648,3.564294092939235e-05,1.6825506023198977,5.379258838483351
649,0.8084636330604553,1.620190311434926,5.0540520689461585
650,2.877840518951416,1.6471358840793981,5.192087769828006
651,1.1282931566238403,1.644002194914283,5.175842847202149
652,3.211277723312378,1.674528828176917,5.336280251750625
653,0.01698366366326809,1.6549182340197877,5.232652051761562
654,0.3336614966392517,1.6458341434293107,5.185333415281924
655,4.984206676483154,1.694028597443612,5.441357648356554
656,0.050491660833358765,1.6484236421876266,5.198778229874744
657,0.6752461791038513,1.655173484101615,5.233987857100907
658,0.34990108013153076,1.655616701855979,5.236308167608723
659,2.1578307151794434,1.618688892140708,5.046469511379397
660,0.25608590245246887,1.6212132587267114,5.05922474305805
661,8.070142939686775e-05,1.621190767221342,5.059110954757216
662,1.365563154220581,1.6341028094368084,5.1248579595816
663,10.751184463500977,1.7329339706974134,5.657227723364381
664,1.8583115339279175,1.7492281436996564,5.750162663420558
665,1.3411810398101807,1.7626190440153733,5.827680376081972
666,2.4546608924865723,1.6355948559736861,5.132510193477108
667,0.9766597747802734,1.6182992689108504,5.044503672622087
668,0.09902014583349228,1.598613160306777,4.946168123369897
669,0.6016025543212891,1.6044666148519173,4.975205194332285
670,0.05438036471605301,1.6036514281278504,4.971151125744306
671,4.364285945892334,1.647267419370546,5.192770757521983
672,3.025083541870117,1.6719942608202836,5.3227722157635595
673,2.0655415058135986,1.6925985942554689,5.4335820504615
674,0.7958308458328247,1.696543442137263,5.455059038978392
675,0.44954290986061096,1.700998836365252,5.47941770096063
676,2.045252561569214,1.7127685238986305,5.5442897481604865
677,2.1282761096954346,1.7336600468500547,5.661336793072619
678,0.22602349519729614,1.710971684847682,5.534336496704615
679,2.121786117553711,1.7141380135162763,5.5518877969447615
680,0.018253324553370476,1.7143106394186178,5.55284627931247
681,0.0004972175229340792,1.7142967442685768,5.552769122216319
682,2.233670949935913,1.7295269195253058,5.637986056303867
683,0.2192939966917038,1.713059996020238,5.545905989589405
684,5.2904953956604,1.737780044924657,5.684709604667557
685,0.00573963625356555,1.6495533874847024,5.2046548440440565
686,0.019948570057749748,1.6284132730990677,5.095782684843385
687,0.07133494317531586,1.602613928171995,4.965996231234606
688,1.9704149961471558,1.6015507517784864,4.960719306919048
689,1.6124472618103027,1.5780801568955212,4.845643999269798
690,0.0014354411978274584,1.552184486664555,4.72177357609061
691,3.3402628898620605,1.5689526834857679,4.801616746962306
692,0.006158067844808102,1.5690128158762673,4.801905488336831
693,0.001974658342078328,1.5680400247973012,4.79723650885473
694,2.7183289527893066,1.5874842538040683,4.891427845471364
695,0.8220375180244446,1.595568595324512,4.931132093804183
696,0.35016217827796936,1.579719366525169,4.853593539276472
697,2.441889524459839,1.603996289969291,4.972865781718325
698,0.002413457492366433,1.6038145477542276,4.971962084198425
699,0.1425880640745163,1.605185610324479,4.978783630627666
700,0.034344956278800964,1.5855874307158957,4.882158466165504
701,1.6227387189865112,1.5526601405147085,4.724020040098902
702,6.674475193023682,1.6150876892808446,5.028328834676237
703,0.7156029939651489,1.6177923799756535,5.041947317475679
704,0.0053772334940731525,1.609500153784975,5.000311216439538
705,0.10310539603233337,1.6098395549257838,5.002008615804144
706,0.014543360099196434,1.6097578290229284,5.001599838837987
707,6.5205356804654e-05,1.6014461979181942,4.960200671678814
708,0.0010432521812617779,1.5984010147168737,4.945118926910739
709,0.0001012035645544529,1.595480054477739,4.930695506521237
710,0.001601009746082127,1.5954534452192457,4.930564306115532
711,4.76425313949585,1.5084850757352979,4.519878331785581
712,0.007396929897367954,1.5085578196378628,4.520207137333708
713,0.0020775655284523964,1.5085213482728432,4.520042282215502
714,0.41322413086891174,1.5024647048464248,4.492748734915596
715,1.1731657981872559,1.506765085195584,4.512110865713251
716,3.1568758487701416,1.5254481169929932,4.597203192666986
717,2.347278118133545,1.522656256889386,4.584386344234158
718,2.877868413925171,1.5446693811169099,4.686421951268878
719,0.03033079020678997,1.4945832084281574,4.457478326230086
720,0.8142998218536377,1.4902715109450946,4.438300402563639
721,0.215301051735878,1.4583671617670189,4.298934330064687
722,4.458456993103027,1.442602052704824,4.231692590851351
723,0.2814253568649292,1.4412909877462516,4.226148202300991
724,0.003377568442374468,1.4350189782515372,4.199724711463574
725,0.04039408639073372,1.424297654947659,4.154938617143644
726,4.595367431640625,1.4690065772295202,4.344916657234678
727,0.2693077623844147,1.419792249000093,4.13626103861706
728,4.049158096313477,1.4576511446595395,4.29585732126736
729,4.235213756561279,1.4669145862221922,4.335836631637606
730,7.566600799560547,1.5417047666967119,4.672549091174199
731,0.9043915867805481,1.525540788716098,4.597629243149425
732,0.0788334533572197,1.4830106990248169,4.406191447699629
733,5.387280464172363,1.530471173396727,4.6203532970680685
734,0.07655502110719681,1.5213834297120774,4.578554924685861
735,0.10486949235200882,1.4914005851954426,4.443314403320398
736,0.7001578211784363,1.4668530506104434,4.335569831486975
737,0.8575869798660278,1.4653295022458042,4.3289694104675
738,5.236286163330078,1.503537580391785,4.4975714818057275
739,0.0009226117981597781,1.451244407828126,4.268422870438095
740,5.487252712249756,1.5060847490338347,4.509042157520426
741,0.6246150732040405,1.5116485567448399,4.534199521516091
742,1.047207236289978,1.5123379965183994,4.5373266568693555
743,2.4857845306396484,1.5306858505366108,4.62134528777419
744,0.02528322860598564,1.5309384038768257,4.622512571357383
745,0.3099507987499237,1.4998061155996765,4.480820224970729
746,0.020350703969597816,1.4913743186652209,4.443197694401115
747,3.4486920833587646,1.5211432469546344,4.577455366791654
748,0.00019238528329879045,1.5211448143780582,4.577462541608041
749,4.994744449504651e-05,1.5130606775218984,4.5406068817862995
750,0.003284062724560499,1.48431511295963,4.411942695411815
751,0.08292129635810852,1.4738613943569725,4.366061719213014
752,2.6868417263031006,1.4686170343868798,4.343224455662887
753,0.6101592183113098,1.4745487899333602,4.369063962471188
754,0.0021189635153859854,1.4712333646021216,4.35460264309512
755,2.761592388153076,1.4490072217188208,4.2588842878543245
756,0.01430706400424242,1.4486453757505295,4.257343506524913
757,1.3611342906951904,1.4555042568664431,4.286644490618869
758,1.0601556301116943,1.4626068023662446,4.317198956952477
759,1.4717873334884644,1.4557463685493348,4.287682462977998
760,6.983151435852051,1.5230170238833307,4.586040537885943
761,0.028252985328435898,1.5232987467223211,4.58733271225497
762,1.7499910593032837,1.5271430257731482,4.60500163968366
763,0.7866746783256531,1.4274979279213948,4.1682568545383845
764,2.164733648300171,1.4305621490651175,4.1810489041497805
765,1.1718143224716187,1.4288684818917319,4.17397359217362
766,1.7104687690734863,1.4214265606576009,4.143026505185543
767,1.1390876770019531,1.4230508396798178,4.149761404423465
768,1.3948198556900024,1.4360088367783828,4.2038839029455914
769,0.2731632888317108,1.432724444123487,4.190099346871518
770,1.2739509344100952,1.4449201498204274,4.241513443687883
771,0.00010787858627736568,1.401278369147367,4.060387324341138
772,0.969759464263916,1.380725128371305,3.977784986714436
773,1.0844271183013916,1.3709139844961828,3.9389491892264212
774,0.5793963670730591,1.3687496397085852,3.930433164211647
775,2.658453941345215,1.3908387500234312,4.018218921191863
776,2.415431499481201,1.3945405394025512,4.033121086638868
777,1.189349889755249,1.3851512772031491,3.9954302766192664
778,0.0006548406090587378,1.382897590657267,3.9864359681427586
779,1.0189313888549805,1.3718690433702796,3.9427129146077844
780,4.3508100509643555,1.4151946106343893,4.117287655973376
781,2.2827014923095703,1.4380166533822558,4.212333010137108
782,1.2793831825256348,1.428473775708153,4.172326424081794
783,6.010886192321777,1.4863896976644537,4.421105145099075
784,0.36384668946266174,1.4371232106024763,4.208571212348945
785,5.02775764465332,1.487343390686474,4.4253235334296015
786,0.3159618079662323,1.4903035230655588,4.438442484244939
787,0.8270484209060669,1.4978606578428661,4.472111452528388
788,1.766714334487915,1.4958236512262737,4.463011003893271
789,4.564841270446777,1.5253475913126386,4.596741078915853
790,0.020185289904475212,1.525535089799705,4.597603041719422
791,1.2262201309204102,1.5043946622102886,4.501427920956068
792,0.0008955758530646563,1.504342037290371,4.5011910399051915
793,0.2524377107620239,1.5068466678145704,4.512478990550923
794,0.3621998727321625,1.483285377013999,4.407401897740816
795,0.9827731847763062,1.4848927336815176,4.414491861091049
796,0.2346729338169098,1.483737841236907,4.4093965406337645
797,2.4057326316833496,1.4833762723091422,4.407802528044554
798,0.0018722163513302803,1.4833708598977318,4.407778671268418
799,0.000697965151630342,1.481951958908503,4.4015289046999815
800,0.9805117249488831,1.4914136265952038,4.443372350737654
801,4.169535160064697,1.5168815910059856,4.55798933512428
802,0.0019683525897562504,1.4501565226016464,4.263781841168287
803,0.11663871258497238,1.4441668797878446,4.238319641766613
804,0.2402159571647644,1.4465152670245516,4.2482845536747496
805,3.0218985080718994,1.4757031981449473,4.374110558141705
806,0.827825665473938,1.4838360211986947,4.409829476270085
807,8.54166030883789,1.5692519722335054,4.8030540318964965
808,0.7230390906333923,1.5764719306180268,4.83785737026775
809,0.056139491498470306,1.577032313497366,4.840569182466331
810,3.2444231510162354,1.6094605349100675,5.000113113659286
811,2.2723569869995117,1.584541573385104,4.8770550941082975
812,1.1934757232666016,1.5964023613187965,4.935245218510802
813,3.816800832748413,1.634549593990996,5.1271481785394775
814,0.09189781546592712,1.6313363308369662,5.1106997429407395
815,0.6331037282943726,1.6259357101380374,5.083173189265649
816,0.003708867123350501,1.5944040403215696,4.925392861728509
817,3.175475835800171,1.6026860174982358,4.966354239461161
818,0.00023338454775512218,1.5739096672044617,4.825477372508615
819,0.00015770144818816334,1.5736079363168756,4.824021596575308
820,0.0037481787148863077,1.565502419885488,4.785078450625126
821,2.4407737255096436,1.5877571466232256,4.892762863155904
822,2.4312057495117188,1.5674846341873125,4.7945729084816024
823,0.08273551613092422,1.5654977357799726,4.785056036865258
824,0.31153520941734314,1.5685793121897222,4.79982429574012
825,4.960969924926758,1.6177850705750825,5.041910463997766
826,5.015255928039551,1.6219839555390718,5.063125374349518
827,0.001444130903109908,1.6193053192242588,5.0495812508442315
828,0.36774441599845886,1.5824911824211085,4.867065469230505
829,0.013149096630513668,1.540270535821801,4.665852380465667
830,0.9866726994514465,1.47447125482071,4.368725219737079
831,3.4772469997406006,1.5001998089503104,4.482584641395404
832,0.00029952809563837945,1.4994144696976945,4.479065673695937
833,1.7536721229553223,1.4630783862855241,4.3192353586863215
834,0.0487741120159626,1.4628005771946118,4.318035602497193
835,8.584551811218262,1.5475974003832744,4.700163993697119
836,2.8526878356933594,1.5691227005284236,4.8024331730427985
837,2.2631983757019043,1.5831788144867824,4.870413370443077
838,3.625286340713501,1.5670688162606166,4.792579653559689
839,0.7601069808006287,1.5746606599506412,4.829102632113671
840,0.36762136220932007,1.5234643464502369,4.588092436207282
841,2.4506676197052,1.5417248719152485,4.672643034739175
842,4.947806358337402,1.5807308631357229,4.8585054164452215
843,0.44569993019104004,1.5603300171312366,4.760391996846473
844,3.656334161758423,1.596640526462761,4.93642076187994
845,0.27080973982810974,1.596249115873543,4.934488972606956
846,0.6655207872390747,1.6027008167062378,4.9664277381144215
847,3.379772186279297,1.602011617735443,4.963006060472582
848,0.4678058624267578,1.6066877525068777,4.986268091491108
849,0.2909555435180664,1.6095968084676133,5.000794543290782
850,0.5823413729667664,1.6153873815700353,5.029836011888918
851,2.1628646850585938,1.6361868154570403,5.135549330993938
852,0.0016813441179692745,1.609335211635189,4.999486522373175
853,0.051796481013298035,1.6037515842622088,4.971649041958638
854,0.0001062098381225951,1.6037314567254362,4.97154897591677
855,0.05693180486559868,1.5766848508925613,4.838887557857206
856,0.09044668078422546,1.5774462470603612,4.842573271266148
857,3.877362012863159,1.602608524282041,4.965969395609968
858,6.094473838806152,1.6529517063689854,5.222372008122721
859,4.113847255706787,1.6793723055911687,5.362189098432757
860,0.16430246829986572,1.6111838159156469,5.008737142291941
861,1.0687806606292725,1.6215890926686551,5.061126528791841
862,0.007681829389184713,1.6041660003695142,4.973709800377743
863,1.61903977394104,1.6124896513256681,5.015282000935892
864,1.0361618995666504,1.6012039338383328,4.95899913877717
865,0.11361134797334671,1.5906219040933502,4.906799538353019
866,0.5901855826377869,1.5794190722289931,4.852136251639205
867,5.309074401855469,1.6211189394775283,5.058747583281866
868,0.008902383036911488,1.6072597647509974,4.989121113795958
869,0.10097574442625046,1.6055378893069427,4.9805378604299735
870,0.2912972569465637,1.5957113525323074,4.931836098702856
871,2.4455299377441406,1.6201655731238862,5.053927041780552
872,0.000724887300748378,1.6104752273542544,5.005189265586766
873,7.441395282745361,1.6740449089986942,5.333698548114763
874,2.649660110473633,1.6947475464327,5.445271113559464
875,3.057706356048584,1.6987400705797335,5.467054947271913
876,11.987707138061523,1.7944628269655367,6.016242090623945
877,0.19256633520126343,1.784494991419997,5.956571068394695
878,1.4983593225479126,1.7994720362393855,6.046454312795584
879,5.785933494567871,1.8471420572965145,6.3416694710593005
880,3.9864630699157715,1.8434985874860286,6.318605831145189
881,0.32611602544784546,1.8239327328174113,6.196178510959703
882,1.7872940301895142,1.8290118412940501,6.227729631712021
883,0.0020368797704577446,1.768923348168537,5.864535897823429
884,1.1713286638259888,1.7769981679121702,5.912082675560263
885,0.029108339920639992,1.7270116748648434,5.623822961271414
886,2.1838481426239014,1.74569053821142,5.729856794677281
887,1.0043953657150269,1.7474640076595096,5.740027536728969
888,0.6222415566444397,1.736019279881075,5.674708973677215
889,0.0020927926525473595,1.6903917951031326,5.421604447141692
890,0.2478005290031433,1.6926679474941193,5.43395890004189
891,2.064709424972534,1.7010528404346406,5.4797136198047
892,7.625082969665527,1.777294714372765,5.913836142731836
893,0.01813087984919548,1.774951646063637,5.899995841398049
894,3.9720263481140137,1.8110499108174554,6.116866226080123
895,0.43950918316841125,1.8056172708013765,6.083725595912296
896,2.6598081588745117,1.8298686230519525,6.233067723316829
897,0.26679110527038574,1.808479207787823,6.101161773930833
898,4.0689191818237305,1.8491496774425469,6.354413923177705
899,2.0701744556427,1.8698444423474576,6.487287173628261
900,0.0618729293346405,1.8606580543913152,6.427965330778657
901,0.00315644359216094,1.8189942672265897,6.165654329933993
902,0.0005664412747137249,1.8189802481134394,6.165567893534178
903,0.563073992729187,1.8234446009148815,6.193154696624896
904,3.680258274078369,1.8578450240840174,6.409908678351247
905,0.0003734129713848233,1.8276297731330124,6.219128429965127
906,0.0015168600948527455,1.8193666850792214,6.167950957305589
907,8.139394760131836,1.815344029592161,6.143189252837087
908,2.771033763885498,1.835823976324682,6.270298595042418
909,2.924267292022705,1.8645052543299243,6.452742629655352
910,4.7444173105759546e-05,1.832061497261493,6.2467510542020594
911,4.60137271147687e-05,1.8093383875287692,6.1064060210760776
912,1.091008186340332,1.8083137121595063,6.100152141876745
913,0.19598017632961273,1.7721055055953183,5.883227498320195
914,5.07818695041351e-05,1.7711870352593542,5.87782640913305
915,0.7008440494537354,1.7718644384709479,5.881809416518476
916,0.001211028778925538,1.7718394600875036,5.881662500262396
917,0.005614464171230793,1.7401408463712142,5.698145929332385
918,0.00011062010162277147,1.7401396187267528,5.698138934039388
919,0.03336275368928909,1.7404716692491637,5.700031318215395
920,0.09527942538261414,1.7413869817158412,5.705251016404401
921,0.6321358680725098,1.7233006031414697,5.602991228837145
922,1.2499818801879883,1.7114883644482324,5.537196714319462
923,6.189164638519287,1.772552655672116,5.8858587721912015
924,0.026440588757395744,1.7697017094655165,5.869102402555765
925,0.06558632105588913,1.720747873426808,5.58870654685947
926,4.152939796447754,1.71212471211089,5.540721417855782
927,1.5177664756774902,1.7272879355586337,5.625376817129215
928,2.6166906356811523,1.7497773977554607,5.7533218310983845
929,2.0511832237243652,1.7701577390263992,5.871779497117912
930,4.750778675079346,1.8077987987826782,6.097011900483738
931,0.010162043385207653,1.7731279492191243,5.889245842948004
932,2.5795135498046875,1.7989200894362147,6.0431179125095555
933,0.00086758635006845,1.7813920440701623,5.938116788120867
934,1.372172474861145,1.7946260276986141,6.017224025867603
935,0.9457494020462036,1.7182380036068934,5.57469720912639
936,3.196904182434082,1.7216801670743007,5.5939192919978336
937,0.43036046624183655,1.7033517879797,5.492325685662769
938,0.9571605920791626,1.6766705304933567,5.347721222730791
939,0.1543276011943817,1.6706127366972943,5.3154237547531595
940,3.769136428833008,1.704627887363531,5.499338912921822
941,2.350860595703125,1.7036298171235102,5.493852924569306
942,1.7253636121749878,1.6714053896618861,5.319638711428691
943,0.9393338561058044,1.6763417289210338,5.345963172625071
944,6.82282018661499,1.7080065891695995,5.517950963818403
945,1.3247723579406738,1.7185462153507252,5.576415661084483
946,0.8191085457801819,1.7200820929361362,5.584986933432905
947,1.2022762298583984,1.6983071333719273,5.464688568051886
948,0.3136412799358368,1.696765487547018,5.456270444286457
949,4.481850624084473,1.738674438352682,5.6897962459683935
950,0.022211238741874695,1.733073137010433,5.658015073673603
951,3.9644691944122314,1.7510891821039696,5.760873900888876
952,0.18305853009223938,1.7529029539637122,5.771332293559856
953,0.057323504239320755,1.7529582241959725,5.771651285251463
954,1.4285880327224731,1.767243042424816,5.854689958880545
955,0.25046855211257935,1.7691784098972858,5.8660319072671046
956,4.243737697601318,1.8107113200654568,6.1147954623352705
957,4.565677165985107,1.817594471596676,6.157029711707121
958,0.0002097863471135497,1.7566518310720858,5.79300891518823
959,0.018511978909373283,1.7156984783041116,5.560558085438471
960,6.083429336547852,1.7748897469865914,5.899630648403565
961,0.4210221767425537,1.7684121621477242,5.8615387951576645
962,6.640538692474365,1.8347407307785761,6.26350999953833
963,3.3794639110565186,1.852344972149731,6.374750621923641
964,4.619571685791016,1.8881790700119745,6.607326241656986
965,0.004130998160690069,1.887084266513848,6.600096476082808
966,0.0003955773718189448,1.8811863664611883,6.561284334302841
967,2.070188045501709,1.8487975028976507,6.352176454359135
968,0.004116514697670937,1.8487496442142584,6.351872454831921
969,0.23680992424488068,1.8501079860124445,6.36050633123414
970,0.28784480690956116,1.8500734615120746,6.360286741721585
971,2.8944318294525146,1.8545624804291583,6.388902369216354
972,1.7613179683685303,1.8721684112398362,6.502380959166481
973,5.3886003494262695,1.851640461906645,6.370261126446844
974,0.8147838115692139,1.8332916989176011,6.254440546537566
975,1.3632760047912598,1.8163473954050278,6.149356212256101
976,9.948446273803711,1.7959547867624497,6.025224781192002
977,0.1550515592098236,1.7955796390025354,6.022964855541885
978,0.00015186110977083445,1.7805975643881538,5.933400948550725
979,0.14579187333583832,1.7241961481758334,5.608011207282596
980,0.054494500160217285,1.684876462478278,5.391784803472119
981,1.799904465675354,1.6996143468805531,5.471836753853092
982,0.0009684640099294484,1.6817510912187572,5.374959780127519
983,4.735047817230225,1.729081200593355,5.635473659133583
984,1.5357341766357422,1.7327252557214523,5.656047098427431
985,0.26432347297668457,1.735077407052013,5.669366635778473
986,2.4092490673065186,1.7373314162988391,5.682159853197955
987,9.194644927978516,1.819233911921474,6.167132073344264
988,8.733409881591797,1.9003455951709476,6.688205454426304
989,0.1759301722049713,1.9020839689664717,6.6998421670750705
990,0.02965911291539669,1.8999025548055943,6.685242965737711
991,0.22529511153697968,1.8815084116712386,6.563397704776635
992,0.00013982271775603294,1.805258980201761,6.081546244664486
993,0.014969751238822937,1.8052273689156573,6.081354002204725
994,0.1657962203025818,1.767165067637543,5.854233458474445
995,0.9138767719268799,1.7719087435251277,5.8820700161762485
996,0.18971547484397888,1.7472078166848224,5.738557181833473
997,1.1153751611709595,1.755693657243828,5.787460864081987
998,0.030838701874017715,1.7153128524443308,5.558414203840573
999,0.001335682114586234,1.6946244647090498,5.44460094144888
1000,0.07481267303228378,1.6947538621460263,5.4453055044394025
1001,0.4334833025932312,1.699057130736037,5.468788607390765
1002,0.00032240914879366755,1.6990546904147776,5.468775261805948
1003,4.124556289752945e-05,1.693424362943115,5.438070785453859
1004,0.006092784460633993,1.6566827080469375,5.241893080780291
1005,0.46833258867263794,1.6613622998039501,5.266480485070388
1006,0.4427342712879181,1.6657744739158806,5.289768451429312
1007,0.8121187686920166,1.5925017140014825,4.916032063720029
1008,6.703787803649902,1.6318292543991264,5.113219548247844
1009,1.3172494173049927,1.6157590756519493,5.0317059196628335
1010,0.3005252778530121,1.6187638539887486,5.046847818239163
1011,0.9624898433685303,1.6283882922851627,5.09565538963441
1012,1.7985835075378418,1.6354640454971376,5.131838851283062
1013,0.000481132126878947,1.6335090550551103,5.121815955903395
1014,0.002267529722303152,1.6335312225336382,5.121929494907054
1015,1.8552900552749634,1.6450756825918507,5.181402034045078
1016,0.0001292145170737058,1.645064864449232,5.181345981202104
1017,1.656793475151062,1.6615766545590305,5.267609501205566
1018,4.916795253753662,1.7107435008955507,5.5330737940000985
1019,0.06496617943048477,1.7110595351529627,5.534822711212111
1020,0.13055485486984253,1.711412289447835,5.536775488099815
1021,0.00039843725971877575,1.7050949151397072,5.50190785678214
1022,4.434487345861271e-05,1.692595539786562,5.433565453779421
1023,0.0016504012746736407,1.6307203974141158,5.107552861389159
1024,0.0816948264837265,1.631272939791379,5.110375780608616
1025,5.4957780838012695,1.6855748574188327,5.395551713941921
1026,3.1452887058258057,1.6754983465126134,5.34145638207029
1027,2.344679355621338,1.6837674753120517,5.385808697646826
1028,5.633416175842285,1.7139347307136632,5.550759308338654
1029,0.26024380326271057,1.6960253365090465,5.452233474221753
1030,1.5665855407714844,1.664183405165968,5.28135875812617
1031,1.9579474925994873,1.6836612596581109,5.385236670833643
1032,0.6199381351470947,1.6640655055115348,5.2807361244585165
1033,6.555178642272949,1.7296086160707638,5.638446679103397
1034,3.6954195820726454e-05,1.7158872608641105,5.56160792092106
1035,0.1042875349521637,1.70747264219317,5.515005457027389
1036,4.257201671600342,1.7180756170848326,5.573792026931741
1037,0.0014218707801774144,1.713786231130216,5.549935084093544
1038,1.8636332750320435,1.7228509579597449,5.600472437151562
1039,2.4096550941467285,1.7454042328892683,5.72821654099968
1040,0.25968679785728455,1.710309736579511,5.53067426448301
1041,0.3524168133735657,1.6903252987562154,5.421243942237789
1042,0.0028062984347343445,1.673099725618813,5.328659606630797
1043,0.000592890428379178,1.6637123159620386,5.2788713529739955
1044,0.919589102268219,1.604680005118571,4.976266967977412
1045,1.2114280462265015,1.6035465620014293,4.970629847714577
1046,4.898919105529785,1.6443446675989253,5.177615735562907
1047,0.2806679904460907,1.6351285852048023,5.130117611841677
1048,3.091247797012329,1.6629046503755671,5.27460951154979
1049,0.19914916157722473,1.6200776357504947,5.053482632251575
1050,1.4683364629745483,1.6345388879928213,5.127093287594269
1051,2.9950222969055176,1.6248444190177542,5.077628993217522
1052,0.10876663029193878,1.6241015000197512,5.073858127071137
1053,0.7457087635993958,1.630985352613352,5.108906313369309
1054,1.5611249208450317,1.6323107214945776,5.115681987956423
1055,0.15180103480815887,1.6313240463215335,5.1106369608565
1056,1.0220595598220825,1.599107264943741,4.948612651851553
1057,0.00040070133400149643,1.55345450029723,4.727774102471264
1058,0.004892283584922552,1.5535013252696082,4.72799548554611
1059,9.953480184776708e-05,1.5533172008285328,4.72712502615881
1060,0.001999285537749529,1.4925029003184318,4.4482150365081825
1061,0.00011121608258690685,1.488293790711832,4.429531360270629
1062,0.0056523969396948814,1.4219449277564855,4.145174670536656
1063,0.00011312322021694854,1.3881514198781224,4.007435136638958
1064,0.011486940085887909,1.342070572421071,3.8269593038122975
1065,0.00018273114983458072,1.3420310897509626,3.8268082082234347
1066,0.001791897346265614,1.342045052950707,3.8268616430838898
1067,0.00038747431244701147,1.3213470472388145,3.7484673405032405
1068,1.5029217004776,1.3363350990966136,3.805072705808801
1069,0.6964519023895264,1.3409315188780602,3.8226026739467134
1070,9.393251093570143e-05,1.3380540101340739,3.8116189118422414
1071,0.0002731903805397451,1.3091124237433542,3.702885659834704
1072,0.41920650005340576,1.295691309060203,3.65352081335852
1073,1.0952396392822266,1.2527577019587626,3.4999815671704195
1074,2.0001962184906006,1.2646118260279764,3.5417176666287156
1075,1.3741868734359741,1.2647209347144235,3.5421041198734073
1076,0.4663921594619751,1.1699003935710062,3.2216717233304055
1077,2.133164405822754,1.1896815220371355,3.2860345111401115
1078,10.810724258422852,1.2977872460102662,3.6611863931087743
1079,1.2357875108718872,1.3086872023856266,3.7013114484847827
1080,0.32602155208587646,1.3114024729048834,3.711375167019508
1081,1.4906933307647705,1.3083103615557774,3.6999169059837853
1082,0.3597638010978699,1.311898314926657,3.7132158790993697
1083,0.930415153503418,1.2738519882893888,3.574595376312395
1084,3.863528251647949,1.2971299290395109,3.658780623922563
1085,0.8941869735717773,1.303428564045462,3.6818986772998525
1086,2.6043307781219482,1.305379381153616,3.6890883988657834
1087,8.072394371032715,1.2941568755841582,3.6479190275999835
1088,0.0709143802523613,1.2075319205707638,3.34521819139937
1089,0.0015950588276609778,1.2057885694369908,3.339391382035803
1090,3.1830711364746094,1.2373226896725829,3.446374089002954
1091,0.026946648955345154,1.2353392050467664,3.4395450338844347
1092,1.3850170373916626,1.2491879771935055,3.487509869799466
1093,0.4419496953487396,1.2534577766346047,3.50243267351014
1094,7.096673011779785,1.3227665445493768,3.7537920581288935
1095,0.6865546703338623,1.3204933235334466,3.745268550711477
1096,7.844547271728516,1.397041641502292,4.043220959398663
1097,0.006191951688379049,1.385949809407466,3.9986220305547997
1098,0.0006926044588908553,1.3856483484333149,3.9974167837387737
1099,0.0985914096236229,1.3866209057084051,4.00130639164001
1100,0.8837164044380188,1.3947099430224625,4.033804369824174
1101,1.2372472286224365,1.4027475822827546,4.066357283229941
1102,3.5201756954193115,1.4379461151454598,4.212035890073061
1103,0.021558469161391258,1.4381612873814447,4.2129423007672875
1104,0.17472811043262482,1.4398476406411647,4.220052803473844
1105,0.38916274905204773,1.4390559422449587,4.21671311662423
1106,2.699624538421631,1.4616248449162959,4.312961732001565
1107,0.00015400654228869826,1.4535051972947985,4.278083792443357
1108,0.11859830468893051,1.387653302305189,4.005439459857109
1109,2.22837233543396,1.3967645314864785,4.042100697599719
1110,0.020825065672397614,1.3939675293646723,4.0308107297642986
1111,0.05409841611981392,1.3848836150921853,3.994360994426766
1112,12.614904403686523,1.493046824053672,4.450635184374258
1113,2.078197717666626,1.5138239899090695,4.544074106383836
1114,0.0025402202736586332,1.5138267168145831,4.544086497661467
1115,3.8528637886047363,1.5338024541478807,4.635770656588869
1116,11.137296676635742,1.6451741287690675,5.181912148376944
1117,0.3441711962223053,1.63204790597978,5.11433768402092
1118,0.013050852343440056,1.5830104619656777,4.8695934930894875
1119,0.47546207904815674,1.5871154209618543,4.889624058904945
1120,3.2171146869659424,1.6179810192828155,5.042898516638349
1121,2.081296920776367,1.638790004117982,5.148935550648286
1122,0.03466949239373207,1.6391362555931845,5.150718685867206
1123,0.08019370585680008,1.6399216886390058,5.154765819701084
1124,3.8893909454345703,1.6779986498285142,5.354828353199739
1125,0.05105479806661606,1.6235514169711678,5.071067851236596
1126,2.1200575828552246,1.613299105741462,5.019343286589053
1127,0.3876400589942932,1.5937287127751916,4.92206773115476
1128,0.04328763484954834,1.5378274273652641,4.6544671104457445
1129,1.4247688055038452,1.5494726773876755,4.708986372768266
1130,0.8034583926200867,1.5418414059061616,4.673187588209004
1131,1.219759225845337,1.53445952323862,4.638817679141612
1132,1.262181282043457,1.5408819547075836,4.668706043032052
1133,2.6544413566589355,1.5018745818514434,4.490098242711565
1134,0.26076021790504456,1.5044818144885357,4.501820247750584
1135,0.8976711630821228,1.5124156507698354,4.537679013255224
1136,0.2491646558046341,1.4723352806118783,4.359403694155396
1137,0.6316467523574829,1.4786375294276513,4.386964497221219
1138,2.715869903564453,1.4871598957129755,4.424511583301775
1139,4.514728546142578,1.508210630232934,4.518638041709991
1140,0.1108831912279129,1.5067225941666402,4.5119191455530805
1141,1.5461171865463257,1.5186595978983677,4.566100680454616
1142,1.414548635482788,1.5327770212688483,4.6310194213906755
1143,0.0009091534884646535,1.5327801838994493,4.631034067617572
1144,0.017924819141626358,1.5237635410681833,4.589465374148416
1145,0.006974991410970688,1.511719010520028,4.534518984243383
1146,0.10119383037090302,1.463741757768439,4.322101566826535
1147,0.25135669112205505,1.4634486447751989,4.320834888348223
1148,1.134088397026062,1.443877050775336,4.2370914317641875
1149,2.4771525859832764,1.4666570850193965,4.334720292225373
1150,0.0008725888328626752,1.4519824462779798,4.271574293429335
1151,0.0001230164198204875,1.4220334534731227,4.145541641337889
1152,4.766439914703369,1.4686101863172372,4.34319471306118
1153,1.1400392055511475,1.4725534907367546,4.360355063975372
1154,0.2656898498535156,1.4595991400268395,4.304233787437579
1155,2.1879653930664062,1.479960783609422,4.392773408823112
1156,3.476102113723755,1.5045012091484387,4.501907559869925
1157,0.026891181245446205,1.504766113947553,4.503100294761327
1158,0.0008198237628675997,1.5047253893493326,4.502916911545206
1159,1.4716507196426392,1.5194409011977406,4.5696695839980315
1160,0.5556998252868652,1.5249779065952316,4.595042048061321
1161,2.723745346069336,1.552214247895099,4.721914103973715
1162,0.46399223804473877,1.5567976463061495,4.7436061913395955
1163,0.004479255992919207,1.5568413076338765,4.743813308005586
1164,0.0015040049329400063,1.556741478282347,4.743339759836666
1165,1.0955257415771484,1.5676949083866203,4.795581189464979
1166,0.0005284343496896327,1.5676822737566545,4.795520599453946
1167,0.5579406023025513,1.5732578050365555,4.822332851375919
1168,1.1737736463546753,1.5699663244953264,4.806486330196898
1169,1.586903691291809,1.5788708423843492,4.849476894771786
1170,0.05884820222854614,1.5794583850815251,4.85232700670567
1171,0.00032944019767455757,1.5794589475796965,4.852329736131505
1172,0.0012707976857200265,1.5752795905560197,4.832092436674531
1173,2.536470890045166,1.5896919030636492,4.902238331022321
1174,0.8108293414115906,1.577798234292859,4.844278095250605
1175,0.7445460557937622,1.5715018261164369,4.81387236693324
1176,3.8692221641540527,1.6055301261633577,4.980499195949512
1177,0.3753535747528076,1.5879520178526583,4.8937164147772405
1178,0.0025531810242682695,1.4798703070786723,4.392375983903798
1179,0.07093725353479385,1.4682218045053015,4.341508222751213
1180,0.005874037276953459,1.4650203293572122,4.327631217367412
1181,0.002433198504149914,1.450137728034606,4.263701705987682
1182,4.202723503112793,1.4885673250547553,4.430743154946893
1183,4.419174671173096,1.523454920231452,4.588049188048007
1184,1.453261137008667,1.4993522490850593,4.478786992155644
1185,0.9780008792877197,1.5001903881422185,4.482542412024659
1186,1.090907096862793,1.485056151329627,4.415213325917024
1187,3.5048630237579346,1.4393808378568793,4.218083330788781
1188,0.013701556250452995,1.4388087096168602,4.2156707364189785
1189,2.734611988067627,1.4661388789092598,4.332474595601319
1190,0.7225426435470581,1.4415335939799843,4.227173616580465
1191,0.219543918967247,1.4434595666801033,4.235322882677624
1192,0.07838505506515503,1.4303932468568383,4.180342775391979
1193,0.1818944364786148,1.427792694268137,4.1694856974855545
1194,0.5959919691085815,1.3627858838414248,3.9070627772758395
1195,3.4883124828338623,1.390803461966425,4.0180771285553165
1196,0.004134678281843662,1.3123993360319581,3.715076744750894
1197,2.38688588142395,1.336206275329314,3.804582553580296
1198,0.4783477187156677,1.3409828264718817,3.8227988075235775
1199,0.000676998752169311,1.3400036823631671,3.8190575684973664
1200,0.05988295003771782,1.3317653478191642,3.7877241394575587
1201,0.004941275343298912,1.3194422882863728,3.7413342093828086
1202,0.20497003197669983,1.2862902316519467,3.6193347261862487
1203,2.5096774101257324,1.3111714210615901,3.7105177460041827
1204,0.39845550060272217,1.313408694963291,3.718828483750905
1205,1.6115705966949463,1.32563277343972,3.7645667193204453
1206,1.677817702293396,1.3154147050784377,3.726295978736896
1207,1.8059110641479492,1.3334722756544943,3.794195032326195
1208,7.406830310821533,1.4063545957158203,4.081051173172108
1209,0.018122099339962006,1.3842520933548803,3.9918392649794328
1210,2.824183940887451,1.4122856821070309,4.105328163543225
1211,1.3857276439666748,1.4256019743854995,4.160361520175127
1212,5.855729579925537,1.3580102261478897,3.88844846603166
1213,5.067404747009277,1.3879022964413161,4.006436914970309
1214,1.121953010559082,1.3990964243441704,4.051537441808532
1215,0.029112624004483223,1.3608589126981678,3.899541229279535
1216,6.118973255157471,1.310675678483385,3.708678740244694
1217,0.04749466851353645,1.3077089132062973,3.6976922661375116
1218,7.867782187531702e-06,1.307578483360685,3.6972100081572177
1219,0.19410870969295502,1.304764949667133,3.6868224030179886
1220,0.1623184233903885,1.2742169870313773,3.5759003372679325
1221,0.0015772057231515646,1.2534197898808452,3.5022996299895737
1222,0.7493940591812134,1.26056703554872,3.527421093543255
1223,0.3670741319656372,1.2634358398098084,3.5375551035022688
1224,2.261284828186035,1.247154778637323,3.480426273386754
1225,1.2710483074188232,1.2593547137308452,3.5231473151115793
1226,4.55452823638916,1.2836994202661844,3.609969849122147
1227,0.23031827807426453,1.2821262024569842,3.604295045286496
1228,6.371607780456543,1.3454094039130542,3.839758230894824
1229,0.025256028398871422,1.3314142761420045,3.786394610184992
1230,4.276500225067139,1.3661446944664748,3.9202079249174755
1231,0.18158650398254395,1.355762967247847,3.8797199269259934
1232,7.696633815765381,1.4201074925850663,4.137565173924604
1233,0.06465189158916473,1.3942095979343685,4.031786580458994
1234,0.30461764335632324,1.3946481721888813,4.033555206061352
1235,0.18903078138828278,1.3875617683719428,4.005072843008166
1236,0.9287890791893005,1.3943580126057895,4.032385001145679
1237,0.3940357267856598,1.3919819023500712,4.022814984000009
1238,0.8249555230140686,1.3730727585445675,3.947461675475331
1239,2.3776097297668457,1.3517015703808102,3.8639947991775014
1240,0.5701038241386414,1.3562937767099175,3.881779865642503
1241,5.355478763580322,1.3943873924802574,4.032503473851167
1242,0.9406227469444275,1.3896481335948738,4.013437610649012
1243,0.12417801469564438,1.3908808222069455,4.018387979992028
1244,4.107812881469727,1.4317797028302266,4.186142656314433
1245,0.730863094329834,1.4390185838594152,4.216555589972382
1246,0.1391792893409729,1.4393984384491159,4.2181575722068505
1247,0.8001013994216919,1.4448858855321123,4.241368113738185
1248,0.033796872943639755,1.433882970291288,4.19495649963658
1249,0.0004847066884394735,1.4091162914983397,4.092337372336335
1250,0.00013410145766101778,1.4091089066245877,4.092307151053079
1251,3.1711716651916504,1.440819393112306,4.224155643363507
1252,1.6535040140151978,1.4096900341054244,4.094685994337237
1253,3.3246192932128906,1.4315358349820417,4.185121915180673
1254,0.0020041633397340775,1.428898978116904,4.174100884553107
1255,0.1146511435508728,1.4081658356217486,4.088449634086309
1256,8.298924446105957,1.4563940589455706,4.290460453273081
1257,0.00037925204378552735,1.456128939653554,4.289323120206413
1258,0.0010247938334941864,1.4561309893542602,4.2893319120440525
1259,2.9487881660461426,1.4709023638182952,4.353161504729125
1260,0.0014730566181242466,1.4653600961316078,4.329101852489239
1261,3.4507851600646973,1.4726304942715616,4.360690839656103
1262,0.44584089517593384,1.4724489808428733,4.3598993875421135
1263,12.806679725646973,1.600470985539414,4.955365780488608
1264,0.10139979422092438,1.6014699434322939,4.960318455592215
1265,0.00034374051028862596,1.5905181234216252,4.906290333824161
1266,1.570088267326355,1.6062137217513919,4.983905007192211
1267,2.98691463470459,1.6305034620754122,5.10644497285366
1268,0.001077786204405129,1.6187765034739094,5.046911658669523
1269,5.143186092376709,1.6543393274847586,5.229623711940696
1270,3.8588733673095703,1.6923395791355689,5.432174852805815
1271,1.856870174407959,1.7109049864776715,5.533967377791147
1272,2.6940934658050537,1.737833213158865,5.685011858674307
1273,0.30224066972732544,1.7154909109556866,5.559404014918736
1274,4.435640335083008,1.7517390208924006,5.764618756849479
1275,3.6423325538635254,1.7807168858730984,5.934108973003102
1276,3.979501724243164,1.7818196814739895,5.940656692008007
1277,0.7185567617416382,1.7852517133438779,5.961080242193466
1278,5.184082984924316,1.8370670113828782,6.278097642261756
1279,0.19895543158054352,1.8383471931633357,6.286139895153778
1280,5.511364936828613,1.8934021021588523,6.641926800278304
1281,0.6798365116119385,1.9001761352899302,6.687072167951785
1282,0.6540911197662354,1.8646898114564647,6.453933639194655
1283,1.3965760469436646,1.8344638252141703,6.261775838877195
1284,2.6756818294525146,1.8466880321386088,6.338790847109613
1285,5.628318786621094,1.8931912112119427,6.640526225735526
1286,0.6164970397949219,1.888447110641264,6.609097510916178
1287,3.575352191925049,1.889152002322935,6.613757851099524
1288,0.0035263041500002146,1.8890502498019304,6.613084918801721
1289,0.2971016764640808,1.864675146685895,6.453838994432537
1290,2.1360270977020264,1.8788099912274447,6.545710772351581
1291,2.583770751953125,1.9024522595573035,6.702310110337508
1292,7.15032958984375,1.9731717049050894,7.193455863769734
1293,0.002489089034497738,1.9713776514306482,7.1805619888929915
1294,2.1790714263916016,1.9872084460034785,7.295140532443188
1295,0.07514314353466034,1.9530767526104864,7.050346415804116
1296,4.698919773101807,2.000024603558686,7.38923789824246
1297,0.000608854868914932,1.9761618332931357,7.214997410301045
1298,0.00016485285595990717,1.9713800046345387,7.180578886239281
1299,0.024653395637869835,1.9716197686033956,7.182300736742342
1300,2.615969657897949,1.9971806356819979,7.36825299736274
1301,0.13282042741775513,1.9984594272027425,7.377681484068022
1302,0.726403534412384,2.0036737622270993,7.416251658543513
1303,1.870180606842041,1.9972787941942625,7.368976289613015
1304,2.7061984539031982,2.0203562237272674,7.541010742213109
1305,12.432129859924316,2.1285618163595608,8.402773386023211
1306,1.7837824821472168,2.1296214641580993,8.411682085551654
1307,0.008682949468493462,2.1116491830113047,8.261855366997452
1308,0.24283470213413239,2.0400092269244308,7.690680159876278
1309,2.1486666202545166,2.061314672133576,7.856291471502489
1310,0.2614533305168152,2.0356873660298698,7.657513831793616
1311,3.0985655784606934,2.0528157453748097,7.789804360440576
1312,0.0004944770480506122,1.994263394346035,7.3467893476898585
1313,0.00029762129997834563,1.943592323088942,6.983794006826606
1314,0.009685547091066837,1.9324696484542618,6.90654593733125
1315,0.05416673794388771,1.9327201895936559,6.908276528002693
1316,0.9172697067260742,1.880703154109342,6.558114606556006
1317,0.957360565662384,1.8898018130808305,6.61805693874671
1318,1.112697720527649,1.9009287116082851,6.692106594261912
1319,5.01644229888916,1.949152047500247,7.0227301135668405
1320,0.3370661437511444,1.9508995247038547,7.035012903169163
1321,0.7979933023452759,1.9588636856700758,7.091264579706083
1322,1.1725692749023438,1.9630954378272873,7.121336637760048
1323,2.4045333862304688,1.9834700303699355,7.267919179097498
1324,0.5921133160591125,1.9667783152486664,7.14761200244796
1325,1.547829508781433,1.9695461272622925,7.1674226522472395
1326,1.6360687017440796,1.9403615319158416,6.961267236035269
1327,6.415252208709717,2.002210871222196,7.405410422408941
1328,0.0003906917118001729,1.9384987003347487,6.948311638378268
1329,0.0003069168305955827,1.938249209219066,6.946578312589182
1330,0.004781479015946388,1.895532021758554,6.656088646793396
1331,2.871824264526367,1.9224343993639923,6.837583634185156
1332,0.22676552832126617,1.8477357164895511,6.345435379162375
1333,7.947689533233643,1.926566092905996,6.865892876614502
1334,0.03774196282029152,1.9238973361006355,6.847593906885996
1335,4.348275184631348,1.9654897801330662,7.138407984513746
1336,1.288468599319458,1.9690865753343678,7.164129606069962
1337,4.288344860076904,2.00802966666728,7.448626601962451
1338,0.849773645401001,2.0082778478911494,7.4504754406427045
1339,6.681390285491943,2.0513156534484005,7.778127698034316
1340,0.0002644904307089746,2.0456172601113214,7.73393091191594
1341,3.346933364868164,2.0255318061242,7.580141038354099
1342,0.001141968765296042,2.0161369983424082,7.509260545980068
1343,0.10590683668851852,2.015954286562337,7.507888640954116
1344,0.3124714195728302,1.9780008719433682,7.228278277671056
1345,4.911732196807861,2.0198095629681485,7.536889494121184
1346,1.0848530530929565,2.029266300605668,7.6085019571167205
1347,1.2741010189056396,2.0340062968005075,7.644651834900167
1348,0.3358735144138336,2.0370270632152097,7.667779456399581
1349,0.7645466327667236,2.0446676824759926,7.726590429819197
1350,0.025988979265093803,2.044926231254067,7.728588388607278
1351,0.2618466317653656,2.015832980919804,7.506977946935736
1352,0.0003292018664069474,1.999301232798316,7.383894672405115
1353,0.0016680150292813778,1.96607172001648,7.142563317783825
1354,5.495397272170521e-05,1.9660522279228099,7.142424095627461
1355,0.000696654780767858,1.9649126830351087,7.134289618444699
1356,5.0424259825376794e-05,1.8819239428166474,6.566125567659419
1357,0.00250680698081851,1.8819452183660177,6.56626526707419
1358,5.2689116273541003e-05,1.8819354973188456,6.566201436410035
1359,0.0052945869974792,1.852500561528359,6.375742542575972
1360,0.00010656742961145937,1.8524868966364738,6.375655419338707
1361,0.0006699701189063489,1.817985744737016,6.1594392634232795
1362,0.0003071551618631929,1.8135304073368752,6.1320579251526395
1363,1.0933351516723633,1.696396961597129,5.4542600375044135
1364,1.3268767595291138,1.708651731250211,5.5215119747394
1365,2.1447887420654297,1.7300961812657625,5.64119645975218
1366,7.991683483123779,1.7943121334237366,6.015335550101599
1367,2.4231789112091064,1.7886747761887818,5.981520358428546
1368,4.242186546325684,1.8310858637899947,6.240659486837163
1369,0.0063482061959803104,1.7797174849281874,5.928181381401976
1370,2.956714153289795,1.7706958927879897,5.874940267755537
1371,1.2884963750839233,1.7650121547947493,5.841643361630536
1372,3.012840986251831,1.768199629999217,5.8602931620971965
1373,4.879715442657471,1.8139743777285184,6.134780981744771
1374,1.4059869050979614,1.783677843428668,5.951705656462473
1375,0.20408685505390167,1.7492953864405718,5.7505493331189745
1376,2.477099657058716,1.7342713657687272,5.6647987334262035
1377,0.0076177106238901615,1.7271619752575498,5.624668287595852
1378,0.031810104846954346,1.6756392464567762,5.342209046000179
1379,0.0001525762490928173,1.6736512179034617,5.3315991317795906
1380,0.023396963253617287,1.6187715381677117,5.046886599269999
1381,0.9325283765792847,1.6212984568173852,5.059655797708704
1382,0.8632932305335999,1.6233904779250588,5.07025178408416
1383,3.5596282482147217,1.6450209999377694,5.181118708976548
1384,0.5214334726333618,1.6234785163695777,5.070698180814299
1385,0.3904356062412262,1.5710996845657792,4.811936898027251
1386,0.7403920888900757,1.5723386350567308,4.8179023442927
1387,9.590788841247559,1.632493001549956,5.116614559744521
1388,17.342599868774414,1.8058837371962,6.085346920343579
1389,0.0011207734933122993,1.8029239281664922,6.067362084549164
1390,0.0022230453323572874,1.7815858876427955,5.939267965464349
1391,0.4745662212371826,1.7604938423356362,5.815308530947217
1392,2.3200511932373047,1.7121910583695716,5.54108903618717
1393,1.2035927772521973,1.7242020952517487,5.608044558650151
1394,4.4421868324279785,1.7468332493121124,5.7364081080583125
1395,0.1113441213965416,1.7471952590907314,5.738485119814179
1396,6.6500372886657715,1.766706434246371,5.851549127139716
1397,0.015841348096728325,1.766858759178649,5.8524405318540875
1398,1.772821068763733,1.7845853213377267,5.957109149271289
1399,0.5881319046020508,1.7902201064273686,5.990770928463049
1400,3.4896128177642822,1.798956538026032,6.043338179649755
1401,0.7655233144760132,1.8052835668966145,6.081695771624422
1402,3.7226879596710205,1.8352464111492008,6.266678134560643
1403,2.4402225017547607,1.840946830098328,6.302502836241542
1404,0.006404233630746603,1.8139488878956036,6.134624609195541
1405,3.329831600189209,1.7229259052982524,5.600892193384721
1406,4.769479751586914,1.7527828779926495,5.77063933683494
1407,0.679470419883728,1.7594907526968018,5.809478179884439
1408,0.3941454589366913,1.7610038602648275,5.818275199024427
1409,0.4801419973373413,1.7443186140356557,5.72200125545121
1410,4.250217437744141,1.784206255107929,5.954851438303607
1411,0.006952735595405102,1.753290126679276,5.773567228581386
1412,2.4840164184570312,1.7781253460933657,5.918750403310234
1413,0.0019254018552601337,1.7781416238989187,5.918846748362557
1414,0.04469753056764603,1.7784917437336845,5.920919416828095
1415,0.7575687170028687,1.7855257635242743,5.962714101178646
1416,0.7028235197067261,1.7833813016540807,5.949940988767061
1417,4.341665267944336,1.8172243486769002,6.154751275569805
1418,1.6099759340286255,1.82219713081191,6.185433738131491
1419,0.3298390209674835,1.7753310980326933,5.902235031243122
1420,0.12535150349140167,1.7732139516300958,5.889752354069578
1421,5.107186794281006,1.8163058865494532,6.149100964814761
1422,0.5008935332298279,1.809589129132728,6.107937343091272
1423,10.439157485961914,1.8899353701300425,6.618940885930341
1424,0.28114524483680725,1.8868256894178195,6.598390062931699
1425,2.4372191429138184,1.8957195857591431,6.65733720649703
1426,2.058683395385742,1.8999457326955598,6.685531626654717
1427,0.0009241600637324154,1.8358024522091,6.270163633863191
1428,0.010034354403614998,1.8358988888360182,6.270768336451535
1429,1.156752586364746,1.8474633455313596,6.343707302197683
1430,0.0007082099909894168,1.8474226128411102,6.343448911195625
1431,3.005275011062622,1.8487571203064725,6.351919942193635
1432,4.049493789672852,1.8869844029199885,6.599437399638305
1433,0.8251713514328003,1.8157592211019802,6.145740382425102
1434,2.8626132011413574,1.8440079334851907,6.3218250075132705
1435,0.5667390823364258,1.8061925724622414,6.087226580316382
1436,0.4525696635246277,1.7978335831042933,6.036555592279873
1437,3.410583734512329,1.7890559718486474,5.9838009226715565
1438,0.01361794862896204,1.7806944148809272,5.933975629185016
1439,0.6331382393836975,1.7202118944198446,5.585711920074509
1440,3.7489733695983887,1.7576989832115215,5.799078254073539
1441,4.541237831115723,1.769642027873997,5.868752135635938
1442,0.21613509953022003,1.7717919591816462,5.881383122601085
1443,3.9123549461364746,1.8098564402761257,6.109570281047787
1444,0.0002796259068418294,1.806734522339466,6.090526446114387
1445,0.3276600241661072,1.7608938006130483,5.817634876919527
1446,2.2253212928771973,1.7722984830108908,5.884362937911621
1447,7.580339431762695,1.8353608671394612,6.26739543446103
1448,0.4442109763622284,1.8364442417589453,6.274189050956365
1449,6.160586357116699,1.890404639002445,6.622047677759716
1450,0.6654919981956482,1.8967996691917506,6.664531570676428
1451,4.56294059753418,1.9398106088494387,6.957433169578342
1452,0.5188720226287842,1.9449960370570625,6.993604139723918
1453,0.7539551258087158,1.9525189081648568,7.046414516012489
1454,0.4410207271575928,1.9569285658967055,7.077555402128047
1455,1.5378533601760864,1.9723001329506586,7.187188980799869
1456,0.0007539528887718916,1.9723071682369482,7.187239544909833
1457,2.254237413406372,1.9948244743012038,7.350912640568015
1458,0.5631810426712036,2.000455757836753,7.392424486680197
1459,0.7354180812835693,2.0077569927796137,7.446595832870553
1460,0.46446692943573,2.012400596399675,7.481255282329414
1461,7.221177577972412,2.0846056724782103,8.041419903236337
1462,0.024458330124616623,2.0848471842278378,8.043362235165207
1463,2.4315264225006104,2.0982290969361204,8.151721214647074
1464,0.3707893490791321,2.0886682228316205,8.074155025524908
1465,1.1471655368804932,2.078691990779771,7.994005839544304
1466,0.26994308829307556,2.001474586831464,7.399959941106341
1467,0.8403526544570923,1.9856463242639437,7.2837535310812545
1468,1.4747337102890015,1.957971795903577,7.08494277299233
1469,3.0771243572235107,1.9886795574138523,7.305880394750833
1470,0.051271021366119385,1.9596251260946156,7.096666211467584
1471,1.3530105352401733,1.960270267696178,7.101246043234158
1472,0.00749478442594409,1.9302168056779192,6.89100408845114
1473,1.8260024785995483,1.89967967603734,6.68375313305223
1474,1.6180121898651123,1.9017999288850114,6.697939413602081
1475,0.011332311667501926,1.8998723834511475,6.685041265945421
1476,1.4622853994369507,1.8897242408749297,6.617543581382583
1477,0.660713255405426,1.8962551963227452,6.660903901724844
1478,0.5689282417297363,1.901626377691573,6.696777079088461
1479,3.322023391723633,1.9348450858463184,6.922971506032066
1480,0.00048423008411191404,1.9346159585146234,6.921385445755306
1481,0.08583316206932068,1.9261490063695237,6.863029802251195
1482,1.9553806781768799,1.9370698808459565,6.93839084449477
1483,1.1563514471054077,1.9130371128348633,6.7736298681800875
1484,0.14353714883327484,1.9092581495968626,6.748080874678511
1485,6.699759483337402,1.9723513883678243,7.187557372610286
1486,0.00676318584010005,1.9650150993373245,7.1350203234237695
1487,5.0573554039001465,1.9196807649638503,6.818781327895626
1488,0.4559597969055176,1.7508143642451615,5.759290927383227
1489,2.812708616256714,1.7789302426727955,5.923516303035249
1490,0.8058173656463623,1.7869661858759356,5.971309116586613
1491,0.030237343162298203,1.7825228970951867,5.944835723802002
1492,1.1307425498962402,1.770629810661776,5.874552052038467
1493,0.9154270887374878,1.7677481537766289,5.857647976241303
1494,0.41202208399772644,1.7274465062923263,5.626268907986286
1495,5.225735664367676,1.7785904217220376,5.921503710073316
1496,0.9968116283416748,1.7220581651187967,5.596034182238283
1497,2.585723400115967,1.7477569856389892,5.7417094847736765
1498,0.2710624933242798,1.7327393998845946,5.656127099046101
1499,3.1238698959350586,1.7580967797979248,5.8013855664973715
1500,0.17182254791259766,1.724918877099408,5.612065744174885
1501,0.0005967028555460274,1.717269610983203,5.569301326557885
1502,0.9862923622131348,1.6899056550086242,5.418969428389398
1503,1.133080005645752,1.6768342300475343,5.348596713967626
1504,2.5520191192626953,1.7022903789038537,5.486499174035671
1505,0.05290740728378296,1.6695211369747995,5.309624605408287
1506,7.128546714782715,1.6931118066067574,5.436371347571178
1507,0.06641814857721329,1.6869812838936924,5.403145499517691
1508,0.32737696170806885,1.686313598921406,5.399539104566421
1509,4.851700214203447e-05,1.681512664118054,5.3736783968150705
1510,0.25380146503448486,1.6415485043909575,5.163158498754482
1511,0.5076867938041687,1.646555844973045,5.18907702913597
1512,0.6231561899185181,1.62794724268766,5.093408448418483
1513,1.9369996786117554,1.647297985455225,5.192929482618466
1514,9.803716659545898,1.7448881767450075,5.72526122227882
1515,4.867454528808594,1.7859870348630649,5.965465164739529
1516,0.021821634843945503,1.779177016014437,5.924978249324883
1517,0.5575235486030579,1.7413355988210242,5.7049578716228995
1518,3.0104246139526367,1.7553400856202643,5.785414943858943
1519,3.6735446453094482,1.788777141863684,5.982132692137419
1520,0.5784915685653687,1.7933085425144235,6.00930164232099
1521,4.6516547203063965,1.7887532217746775,5.981989600702362
1522,2.701990842819214,1.8107641948705713,6.115118789501511
1523,7.30636739730835,1.7794362939840358,5.926514664826024
1524,1.3275747299194336,1.789900588834862,5.988857077529532
1525,0.760918378829956,1.7731375811940233,5.889302568289326
1526,6.497890949249268,1.8175296567326586,6.1566306575960645
1527,1.2516273260116577,1.830036688392138,6.234115373998565
1528,2.222904682159424,1.852165391669696,6.3736059439308415
1529,0.10057619959115982,1.84160362780196,6.30664366532618
1530,1.145086407661438,1.8530474097786647,6.379230059714192
1531,0.00013839241000823677,1.8229960435921384,6.190377334684431
1532,0.18216592073440552,1.784322764902754,5.955545277241629
1533,4.120083808898926,1.8172718894774151,6.155043884327789
1534,0.00020275443966966122,1.7886477850103983,5.981358912324367
1535,0.06206408143043518,1.7836010350013385,5.951248532866769
1536,0.12864194810390472,1.7803617578471311,5.932001978746144
1537,0.01590435579419136,1.7464149640599498,5.7340091549046655
1538,0.19850218296051025,1.7482638064032654,5.744620239916268
1539,2.534651279449463,1.767278936803923,5.854900113113139
1540,0.3613193929195404,1.7334023970371346,5.659878338600335
1541,0.8788472414016724,1.696778491139994,5.456341395867793
1542,3.7460567951202393,1.7320777080958942,5.652385724143851
1543,2.9059388637542725,1.7220135472720721,5.59578450481295
1544,1.1624330282211304,1.733635081295215,5.6611954564227265
1545,0.7734466195106506,1.7380929472486606,5.686488641832059
1546,6.646551132202148,1.78230524564191,5.943541962466849
1547,7.370412826538086,1.7802059795896639,5.9310779737864125
1548,0.6304851770401001,1.7820687215964426,5.942136338116013
1549,0.45044758915901184,1.7249673339168659,5.612337693609061
1550,0.22010625898838043,1.7205134765247931,5.587396724873721
1551,7.700364589691162,1.7518877164463629,5.7654759937609885
1552,3.076594114303589,1.7774649373631108,5.914842899288592
1553,3.31588077545166,1.8030841938595403,6.068334552463159
1554,4.024980068206787,1.8389237872700324,6.289765491519496
1555,2.149359941482544,1.845038853083097,6.328345661365464
1556,0.004821223206818104,1.8450795257862773,6.328603057524634
1557,5.142298698425293,1.8739601386364666,6.514041896765451
1558,1.5907132625579834,1.8842354608353344,6.581320840529703
1559,3.3047733306884766,1.9099290133293834,6.752609436255468
1560,0.04793689772486687,1.9057637130122749,6.724541286746564
1561,0.08838121592998505,1.8344357493918506,6.261600036839242
1562,0.23488634824752808,1.8365400295730796,6.274790070595741
1563,8.55417537689209,1.8977665191169946,6.670978288529461
1564,2.596874475479126,1.9200273703809945,6.821145164077744
1565,0.05005781352519989,1.9090562931474415,6.7467188685022315
1566,0.06128143146634102,1.9069696765791742,6.732655730420773
1567,10.183841705322266,2.0004045670878257,7.392046072620067
1568,0.4277782440185547,1.9899350124251214,7.315058358959234
1569,3.0179290771484375,1.9893430596243706,7.31072947105106
1570,0.012794431298971176,1.9889582937236991,7.307917092729901
1571,1.1375240087509155,1.9868034284588065,7.2921864708004795
1572,0.0493474081158638,1.9872219546957057,7.295239080917025
1573,0.31192344427108765,1.9720811643524212,7.185615384393863
1574,0.8673880100250244,1.9645749225540203,7.131880344252659
1575,0.003419506596401334,1.9644957945033092,7.131316034789762
1576,0.18022100627422333,1.951675150571682,7.0404715578205765
1577,0.00016783259343355894,1.945069696343562,6.994119302587943
1578,0.0012737740762531757,1.9393931516670273,6.954529345283879
1579,3.6238969187252223e-05,1.9061732801394828,6.727296001885043
1580,0.00039450492477044463,1.9061723828878894,6.7272899658106935
1581,3.0874729418428615e-05,1.9053143600144904,6.721520272762317
1582,0.0018869704799726605,1.8857794229375213,6.591489998867236
1583,3.671578815556131e-05,1.8742162756243488,6.515710597534698
1584,0.0033555887639522552,1.8728144600236556,6.506583171748085
1585,8.427741704508662e-05,1.805817707964452,6.084945122826845
1586,0.0005308172549121082,1.8057553842786,6.084565898436038
1587,0.0004487222759053111,1.7551863174623576,5.78452539965384
1588,1.3971000909805298,1.7645977204031078,5.8392228853167305
1589,4.586014747619629,1.7823307817167369,5.9436937391370215
1590,0.0008102948195300996,1.7742807110084686,5.896038655018684
1591,0.00010799778101500124,1.7739794175546557,5.894262484756171
1592,0.09577305614948273,1.7636297226171882,5.833573265343216
1593,1.2828396558761597,1.767303848288575,5.855045969184184
1594,6.338265895843506,1.8265662864070327,6.212517985115907
1595,0.08635805547237396,1.7751725103180798,5.901299083495274
1596,0.22598470747470856,1.7674642411094101,5.855985151840365
1597,2.7914552688598633,1.769521559796849,5.868045180934491
1598,0.42588773369789124,1.7710698122005852,5.877137432725209
1599,0.8051277995109558,1.7478823912363441,5.742429572432021
1600,0.5286024212837219,1.7514501899700554,5.762953997125586
1601,3.305734395980835,1.7845015669013082,5.956610235845206
1602,0.3089526295661926,1.7777281695748388,5.91640008140825
1603,0.1144370436668396,1.7675417399550497,5.856439001515901
1604,8.468413352966309,1.8267056822920857,6.213384044920034
1605,0.013860050588846207,1.8263152087251364,6.210958356303652
1606,0.001073380233719945,1.7550404753796465,5.783681833937244
1607,1.8490707874298096,1.7728670017681725,5.887709259749712
1608,3.4399805068969727,1.8039930372200614,6.073852225000814
1609,4.750077247619629,1.8514933245262364,6.36932389186499
1610,1.196155071258545,1.860916860588477,6.429629143334617
1611,4.6955342292785645,1.902795334943221,6.704609902443625
1612,0.10432565957307816,1.8976070296397665,6.669914422529595
1613,1.5820190906524658,1.8940572237601736,6.646279495616255
1614,0.2631567418575287,1.79865162458329,6.041495765502439
1615,0.01158639881759882,1.75009294328338,5.755137552529191
1616,6.294052582234144e-05,1.7498753563401988,5.753885445967508
1617,0.0011068414896726608,1.744311189269065,5.721958771085175
1618,0.21833550930023193,1.716390298222541,5.564406321269175
1619,1.4223613739013672,1.69387846550846,5.440540788122891
1620,1.9171559810638428,1.7072651096334448,5.513861032584768
1621,3.288994550704956,1.6936385079374303,5.439235445789936
1622,1.3758275508880615,1.680376875018119,5.367578496221462
1623,0.0070357187651097775,1.6073835582326865,4.9897387726994875
1624,0.006114585790783167,1.5941689567914,4.924235119075549
1625,0.005344151984900236,1.5866132145229495,4.887169074724769
1626,0.0009011736838147044,1.521643316767295,4.579744986476518
1627,6.088191032409668,1.570008953831275,4.8066912318847805
1628,2.0059990882873535,1.5678398978925543,4.796276548820992
1629,6.955226898193359,1.6363864048785763,5.136574434610697
1630,0.20686598122119904,1.6270042006141738,5.088607414098663
1631,0.0023035677149891853,1.6270258523672236,5.088717592562534
1632,1.9865665435791016,1.6450698585956707,5.1813718576672985
1633,0.4997900426387787,1.6088669209330693,4.997145857417968
1634,0.10691728442907333,1.6099340662329633,5.002481384517589
1635,1.297776699066162,1.6222911924093204,5.064681192133264
1636,8.110498428344727,1.7021097572117287,5.485508282761938
1637,0.09980522096157074,1.7029487658634026,5.490112602932137
1638,0.874404788017273,1.70970779191397,5.527346106396656
1639,0.5661478042602539,1.690022757162078,5.419604038535345
1640,7.854127883911133,1.764950842071994,5.841285205550543
1641,1.235893964767456,1.7685213093056518,5.8621786003740635
1642,0.0007740838918834925,1.7310684821933682,5.646684067673621
1643,3.7602291107177734,1.7396113846630032,5.695129777793837
1644,0.4369365870952606,1.7323564202517445,5.653961332315101
1645,0.00016318420239258558,1.724623585898662,5.610408795195889
1646,0.08234760910272598,1.6589815506676677,5.253957229484384
1647,3.6598896980285645,1.6218763193825725,5.062580428322823
1648,0.6975299715995789,1.6225467673281673,5.06597576304081
1649,0.23215614259243011,1.6203638528625015,5.054929232467147
1650,8.45947265625,1.7027575168351177,5.489062724628954
1651,0.053524672985076904,1.626289117668057,5.084969938420769
1652,0.021892430260777473,1.5957421008276287,4.93198774658714
1653,2.01811146736145,1.5827644077467267,4.868395456462964
1654,2.8609820219571702e-05,1.542514893162861,4.676335980579893
1655,0.6222588419914246,1.5272438821679497,4.605466106968948
1656,4.672986030578613,1.5739255302416677,4.825553919842847
1657,0.09143642336130142,1.5234169074910278,4.587874787039919
1658,1.3832204341888428,1.5213419792073364,4.578365145206503
1659,3.1773300170898438,1.52006754607135,4.572534041421977
1660,1.6369481086730957,1.5359576581808323,4.6457724622983365
1661,0.15562808513641357,1.5366301268728966,4.648897649507193
1662,1.2895749807357788,1.5471770131977791,4.698188520245398
1663,2.2639646530151367,1.4842749059590097,4.411765307995256
1664,0.0017157370457425714,1.4583233185746758,4.298745855191684
1665,0.011280213482677937,1.4579355425742506,4.297079227877035
1666,0.966866672039032,1.4669913949799775,4.336169674653389
1667,0.7447260618209839,1.3726002385449647,3.9455968615016497
1668,1.332153081893921,1.3816439869237183,3.981441688207581
1669,3.5060219764709473,1.3865249159169435,4.000922325507411
1670,1.9956302642822266,1.406353274246776,4.081045780192877
1671,2.5198020935058594,1.4201760550943254,4.137848865500343
1672,0.035416290163993835,1.4200367439148067,4.137272457045223
1673,0.5376348495483398,1.4222938579675792,4.146621299581079
1674,4.57441520690918,1.4593641299364208,4.303222367917562
1675,0.00010990492592100054,1.459331033919716,4.303079950754922
1676,3.2066785934148356e-05,1.457529144524833,4.295333258064026
1677,0.28110599517822266,1.460338526150681,4.307417455008552
1678,0.016180040314793587,1.4604875888130664,4.308059577979492
1679,0.9518784284591675,1.4700060107079662,4.349261283123616
1680,1.9131752252578735,1.4891338179112972,4.433253850371711
1681,0.0016295737586915493,1.4891498049015899,4.433324725324519
1682,0.00816152710467577,1.489212550467837,4.433602905521963
1683,0.7340089678764343,1.4965522729887197,4.46626403580775
1684,0.00016485285595990717,1.4965203656296397,4.466121531390896
1685,5.74931526184082,1.5540126754738777,4.730413765244644
1686,1.8107887506484985,1.5721152548078134,4.816826240262441
1687,5.081737518310547,1.6229281427681599,5.067908170239332
1688,1.9461811780929565,1.6284189536392841,5.095811631724077
1689,1.0826654434204102,1.593385460597292,4.920378510617172
1690,0.44643548130989075,1.5978417124621955,4.942353884064696
1691,0.3451785445213318,1.6012924179295986,4.9594379507232045
1692,0.44629085063934326,1.6047975958744973,4.976852165378096
1693,0.5445617437362671,1.5974148167530984,4.940244464681825
1694,0.2794700562953949,1.5368268583576172,4.649812324013782
1695,0.11160282045602798,1.537079306007454,4.650986306385471
1696,1.937564730644226,1.554195106239149,4.731276816969087
1697,5.028741359710693,1.5765679671476573,4.838322003610968
1698,8.026215553283691,1.6525712453435153,5.220385477035914
1699,7.467922210693359,1.7191991894553393,5.5800581051891545
1700,0.6102438569068909,1.720015603811571,5.5846156048857845
1701,1.417392373085022,1.701132183582613,5.4801484147820565
1702,0.09666501730680466,1.699009307460019,5.46852707825735
1703,1.547348976135254,1.7133384267847032,5.547450355423242
1704,5.336999893188477,1.6820242921869248,5.37642842495177
1705,0.20213088393211365,1.6839070005203576,5.386560206153232
1706,1.9318900108337402,1.7032151668263578,5.491575369048791
1707,0.5911687016487122,1.6906361459685468,5.422929382748273
1708,1.9255690574645996,1.675492031474223,5.341422650674684
1709,1.2196297645568848,1.6401875566435955,5.156136489204204
1710,0.010868637822568417,1.6283346923092359,5.095382269947864
1711,5.425398349761963,1.6356333335140698,5.1327076836447905
1712,1.1788699626922607,1.6463787765452615,5.188158288767131
1713,1.9589436054229736,1.6501480216929667,5.207750630195488
1714,5.969442367553711,1.7072108779499287,5.5135620147264905
1715,4.428650856018066,1.7513815225219331,5.76255828336744
1716,0.00010144196130568162,1.751381907536288,5.762560502035527
1717,0.018605826422572136,1.751556897385617,5.763568979863646
1718,1.0493298768997192,1.7598668410616118,5.811663467938459
1719,1.5641813278198242,1.7612850406007965,5.8199114136245536
1720,0.0004689785710070282,1.7421181705758682,5.709424157882608
1721,0.08310967683792114,1.7100593218371978,5.529289475505275
1722,0.0004101150552742183,1.69630514747887,5.4537592824168595
1723,0.6918483376502991,1.7031532736677217,5.491235488621557
1724,6.437280717364047e-06,1.7030921921826212,5.490900086046423
1725,0.1583687961101532,1.7046224386238737,5.499308948537433
1726,2.1362032890319824,1.7259754597773553,5.617998489293618
1727,1.8575772047042847,1.6836693215003016,5.385280085936846
1728,1.360994815826416,1.677219278775692,5.350656580878885
1729,0.0012991330586373806,1.6076800011243448,4.991218164556653
1730,1.782233715057373,1.6234336784627066,5.070470826418582
1731,0.3290722370147705,1.6267013651557045,5.08706663665224
1732,1.7391330003738403,1.6242270297236518,5.074495086957318
1733,0.5558314323425293,1.6247874436206893,5.077339701530818
1734,0.04646237567067146,1.6241828945331054,5.074271128091999
1735,4.020179748535156,1.6514069250277954,5.2143108132825775
1736,0.17383745312690735,1.572040315275617,4.816465283082474
1737,1.8011385202407837,1.5890536482684092,4.8991104521981494
1738,1.7117118835449219,1.5974267192236857,4.940303266146201
1739,4.887569048150908e-06,1.5917652900567736,4.912413112699994
1740,1.4066597032069694e-05,1.5132241518836327,4.541349215272779
1741,0.4538249969482422,1.5054034622054404,4.5059712526921185
1742,0.2961067259311676,1.5083567886258333,4.519298526850809
1743,2.4948678016662598,1.4957031755353183,4.462473351946481
1744,2.01081919670105,1.511442001631376,4.533263056138642
1745,0.0004976941272616386,1.5114453467306248,4.533278220378849
1746,3.7977685928344727,1.5485995565679422,4.704876653128337
1747,0.5214917063713074,1.5172155766513697,4.5595118923760065
1748,0.12570185959339142,1.5114972955313077,4.533513724862594
1749,0.8890793323516846,1.5180665274289005,4.563393463844887
1750,1.877643346786499,1.4522482343342653,4.272709777750466
1751,1.9541434049606323,1.4712544216540209,4.354694339154397
1752,4.863534927368164,1.5196708466250948,4.570720479443062
1753,1.398321270942688,1.5134729446609072,4.5424792107181435
1754,2.1446895599365234,1.5349195541620702,4.640952169650442
1755,2.4300546646118164,1.5529975123882742,4.7256140604642916
1756,4.090362548828125,1.5471712775707693,4.698161573265703
1757,0.8023102283477783,1.554280015620634,4.731678563813047
1758,0.7030215859413147,1.5474780271381587,4.699602953355885
1759,1.865635871887207,1.5343610856861323,4.638361067757063
1760,0.06896858662366867,1.5186812904656382,4.566199731975127
1761,0.0004914983292110264,1.517129924597566,4.559121377542519
1762,4.934665203094482,1.553580826821153,4.728371383464944
1763,2.95688533782959,1.5605100336692976,4.761249023270709
1764,1.2106852531433105,1.5725997288302733,4.819160432828726
1765,3.244513988494873,1.6049320665803952,4.977521451200584
1766,6.939619541168213,1.6646595952716872,5.283874287799178
1767,0.757786214351654,1.6647901967969938,5.284564414905539
1768,0.7234137654304504,1.658702803632359,5.252492908580064
1769,0.03621874749660492,1.6240047713426156,5.073367363222383
1770,4.436351299285889,1.6484119816926524,5.198717609900753
1771,3.1740527153015137,1.6549544879106088,5.232841759196548
1772,0.1296049803495407,1.6558963748124642,5.237772826198177
1773,0.7824307680130005,1.658344333997111,5.2506103867965885
1774,7.746705532073975,1.6900672372487588,5.419845108354119
1775,2.4410364627838135,1.7144765028273377,5.553767369709939
1776,0.09403731673955917,1.715416555326874,5.558990657305307
1777,0.007437634747475386,1.7126798717225666,5.543798256595804
1778,3.3605287075042725,1.7461233583944613,5.7323373291179145
1779,0.00022480344341602176,1.7366068221443038,5.67804408469417
1780,1.5745458602905273,1.7332205284946303,5.658849078374008
1781,0.4640050530433655,1.737844283287477,5.6850747928350875
1782,2.6950230598449707,1.7647128986148801,5.8398954752999135
1783,2.2020363807678223,1.779393172743794,5.926259111673289
1784,1.3998247385025024,1.7933897716002594,6.009789792225625
1785,0.039561741054058075,1.7362922363923916,5.676258133858468
1786,0.09358233958482742,1.719120172281755,5.57961720218893
1787,0.06634419411420822,1.6689662390397917,5.306679122975718
1788,5.753077507019043,1.7070352023290525,5.5125935013708975
1789,0.33098626136779785,1.6995184105085264,5.47131183086661
1790,0.5151817798614502,1.700205873494042,5.475074448414505
1791,1.798738956451416,1.7147414776133427,5.5552391730170205
1792,0.06684429198503494,1.7109470120267998,5.534199950696025
1793,0.009937574155628681,1.7056007703309932,5.504691729492337
1794,1.1074228286743164,1.7138802980547825,5.550457173973758
1795,0.3644406497478485,1.7164086763477007,5.564508585564697
1796,3.166025400161743,1.7286932830428758,5.633287983954232
1797,0.4571789503097534,1.6829776589488665,5.3815565772266245
1798,4.332911014556885,1.6460446135615985,5.186424887948965
1799,2.742149591445923,1.598786887369124,4.947027481272545
1800,0.0013510395074263215,1.5926979591951294,4.916996906054086
1801,6.843097686767578,1.646955012331955,5.191148752763587
1802,4.592959403991699,1.691917956198804,5.429885006051233
1803,1.0712480545043945,1.6871569469824954,5.404094716114107
1804,7.334627151489258,1.7071332195655031,5.51313385703323
1805,0.03152159973978996,1.7054271267235799,5.50373595794694
1806,1.6980935335159302,1.7030891619504018,5.490883447369279
1807,4.839746475219727,1.745574939686112,5.729194469964208
1808,4.875540980719961e-05,1.726319736665564,5.619932969310746
1809,1.303982138633728,1.7271632604063325,5.6246755161361
1810,3.218327760696411,1.7592378516350708,5.808009142453036
1811,0.45200663805007935,1.7095039345179521,5.5262194308569885
1812,2.5691800117492676,1.7234070350085222,5.603587597390455
1813,0.10085806250572205,1.7048261795793496,5.500429497144011
1814,1.6420215368270874,1.6615519712720834,5.267479480893394
1815,6.132129669189453,1.6785867594037973,5.357978505254751
1816,4.657033920288086,1.725156084187065,5.613397123845905
1817,3.1376843452453613,1.756346869375293,5.791242538712192
1818,0.01675216294825077,1.7460210922357782,5.731751134973412
1819,0.9208232760429382,1.7395875117180095,5.694993819896784
1820,3.312397003173828,1.7727067919640376,5.8867660665588195
1821,3.336885929107666,1.805244554486735,6.08145851464423
1822,0.8785569667816162,1.8140260230039984,6.135097822380173
1823,0.0013985387049615383,1.8071215250145451,6.092883952292849
1824,2.13382354559144e-05,1.8071216740240925,6.092884860190797
1825,2.643805742263794,1.831976043485629,6.246217268544919
1826,3.3913683891296387,1.8445276944866054,6.325111699683159
1827,4.030915260314941,1.866261075042712,6.464082441243524
1828,4.204347610473633,1.8946946029891842,6.6505170464369385
1829,0.05185341462492943,1.895200145804847,6.653880017541525
1830,1.7774100303649902,1.8951519089579234,6.653559063090648
1831,2.395993709564209,1.9158211236834177,6.792514001836547
1832,1.0531508922576904,1.9089613026022563,6.746078024436247
1833,0.27809903025627136,1.9061839785813937,6.727367973855529
1834,0.6910020112991333,1.9126293749376782,6.770868565563442
1835,9.924991607666016,1.971677493528987,7.182715346484488
1836,0.00019905969384126365,1.9699411095946562,7.1702542167356205
1837,1.7953977584838867,1.9698837019770872,7.169842601338716
1838,0.0011810240102931857,1.9527783933817409,7.048243193658578
1839,1.5857508182525635,1.968635852688576,7.160901298209502
1840,0.6190425753593445,1.974826137776199,7.205366803816167
1841,0.8937235474586487,1.9792251232813032,7.2371329260751
1842,0.48014527559280396,1.9810655087779196,7.25046430422403
1843,4.331379413604736,1.9994306248973044,7.3848501518499
1844,3.944739818572998,2.018769831116024,7.529057222484934
1845,0.0014300844632089138,2.0187791550193834,7.529127423014137
1846,2.964987277984619,2.0104513418708847,7.466686615222383
1847,0.009035768918693066,2.0053267824963585,7.428521010807196
1848,0.019133644178509712,2.0042611003422097,7.420608785241863
1849,1.5253546237945557,2.0106238532566385,7.4679748147887155
1850,1.8290518522262573,2.0101379383110363,7.464346895714262
1851,2.3002982139587402,2.0135994864010174,7.490229863177554
1852,2.6411077976226807,1.9913752151035624,7.325601115631657
1853,0.5279300212860107,1.9826713026069955,7.262116407996037
1854,0.2935328185558319,1.9641597351931888,7.128919892288408
1855,1.4924298524856567,1.9547834870719272,7.062389759468432
1856,4.033292293548584,1.9542127845191317,7.058360385500236
1857,3.4756312370300293,1.9809459946059542,7.249597822765784
1858,0.04256565868854523,1.9743414353334265,7.201875191190228
1859,3.3281991481781006,1.9889670680963354,7.307981215398985
1860,3.89656662940979,2.0272430485241966,7.59312360208552
1861,0.003773474832996726,2.0272758682892347,7.593372810707508
1862,0.5767447352409363,1.983696663610699,7.269566517838471
1863,1.4681966304779053,1.9688097765371821,7.162146858035915
1864,0.3319404423236847,1.960022328428986,7.099485583746584
1865,5.119690418243408,1.9787740927264712,7.233869494005171
1866,0.10085170716047287,1.9103864143863938,6.755698793432947
1867,0.17556539177894592,1.904564206160667,6.716479989156597
1868,0.013451299630105495,1.8974645815026634,6.668964373313445
1869,0.8541627526283264,1.9056440215539805,6.723736464759711
1870,0.0002609150833450258,1.861283117711955,6.431984472111328
1871,3.3854863431770355e-05,1.8295429291075742,6.231037981459703
1872,0.00182819040492177,1.8282651612081282,6.223081245660133
1873,1.995980978012085,1.840400663308119,6.299061558338585
1874,0.1130240187048912,1.7640638481744282,5.836106318379481
1875,1.5792425870895386,1.7554459094174855,5.786027210832439
1876,3.096698760986328,1.7854725238599531,5.9623966567318485
1877,1.0534298419952393,1.7959324459324306,6.025090174172961
1878,6.5722198486328125,1.8280493573437162,6.221738425576863
1879,0.7085962295532227,1.8351330716048142,6.265967912364945
1880,0.03170212730765343,1.8197046342749854,6.17003576363059
1881,0.0015511397505179048,1.815080095142057,6.141568067512494
1882,0.09628789126873016,1.7890927434562947,5.984020960696876
1883,1.590328335762024,1.7829756630062366,5.947527952193159
1884,0.7506089210510254,1.7764835048317218,5.909040727734858
1885,1.297987937927246,1.7890677668004538,5.983871501731296
1886,11.71386432647705,1.905270586669376,6.721226055775201
1887,0.7195819616317749,1.9118029643445515,6.765275359516881
1888,6.916717529296875,1.92343936456733,6.844458621795465
1889,0.02923581562936306,1.9204218601099456,6.823836566615083
1890,0.00010978573118336499,1.9152711401686429,6.788779258229508
1891,0.028170237317681313,1.8975654529773056,6.669637115513797
1892,0.6607524752616882,1.903504534810072,6.709366497382609
1893,10.753084182739258,2.0109360008959083,7.470306289360489
1894,0.053866878151893616,2.000400441390684,7.3920155753396255
1895,3.120490074157715,2.0279609356347827,7.598576564720153
1896,0.005086102057248354,1.996351542653738,7.362146561923491
1897,1.3772424459457397,2.0055521776100975,7.4301955518549345
1898,0.0013852057745680213,1.9622369195222746,7.115225463553189
1899,2.19287109375,1.9567441345453154,7.076250199384546
1900,9.919686317443848,2.0559274873246793,7.814081974695714
1901,0.004847085103392601,1.9875449813080377,7.29759601793968
1902,6.282597541809082,2.0044413626862116,7.42194656214719
1903,5.693789482116699,2.0506667769623346,7.773082290965475
1904,4.836728572845459,2.0256877911758964,7.58132351926811
1905,5.009597301483154,2.07546854819333,7.968279107283355
1906,3.139387369155884,2.08988148654973,8.083957049889642
1907,2.5264315605163574,2.066748337402696,7.899096117357837
1908,2.7740659713745117,2.094488509562343,8.12128594757238
1909,4.789015769958496,2.1293388458755906,8.409305126309517
1910,1.0590399503707886,2.1077459677723347,8.229670420475388
1911,1.8279685974121094,2.121505587365955,8.343690190257188
1912,8.797258487902582e-05,2.095814666974311,8.132063195710725
1913,0.6495261788368225,2.101301348137622,8.176803860308198
1914,0.1003999263048172,2.0858851320323994,8.05171515953834
1915,5.403120994567871,2.0785950452861837,7.993230894266781
1916,0.45787566900253296,2.036603462773328,7.664532069479424
1917,0.08513142168521881,2.0060779335377266,7.434103048314469
1918,4.723710060119629,2.0531475125094403,7.792389190269656
1919,0.002750306623056531,2.0439667828152412,7.721176762648541
1920,2.453878879547119,2.0353816015789743,7.655172794202889
1921,1.4296164512634277,2.016308906800532,7.510551562347313
1922,0.046674471348524094,2.007990081846201,7.448331755246892
1923,0.2556461989879608,2.010532558449031,7.467293058585656
1924,0.00016592556494288146,2.010534004322326,7.46730385535308
1925,0.0008635367848910391,1.984104582267537,7.272532514549792
1926,2.8013790142722428e-05,1.950191178514142,7.030031443092043
1927,0.0002892790944315493,1.9098849187019369,6.752311689022659
1928,2.3483953555114567e-05,1.8678416774367361,6.474307664302536
1929,0.001278893556445837,1.8673359322260512,6.4710341420626865
1930,2.539125671319198e-05,1.8495620858349684,6.3570350772643645
1931,0.0020557953976094723,1.8256227066933024,6.2066587439392515
1932,6.353653589030728e-05,1.8150918331360844,6.141640157624885
1933,0.0005050813779234886,1.812315893647301,6.124614977553043
1934,0.00029738296871073544,1.8054088473639966,6.082457737041862
1935,1.152186393737793,1.7176807952247146,5.571591806371926
1936,5.155735015869141,1.7692361547864675,5.866370650409774
1937,0.2624576687812805,1.7539067538894415,5.777128465099078
1938,3.3378044463461265e-05,1.7538952774297831,5.777062164497756
1939,0.0013656823430210352,1.7380514260706876,5.68625253702683
1940,0.8999040126800537,1.7408600404438948,5.7022454761181995
1941,0.2642355263233185,1.7345651602325416,5.666463264435732
1942,0.46286988258361816,1.7343924063024496,5.66548444518695
1943,1.0625345706939697,1.701703957873342,5.483282718726825
1944,1.9994049072265625,1.6822506087598776,5.377645337506177
1945,0.00027807659353129566,1.6822390886811809,5.377583386965524
1946,0.18556874990463257,1.654444903400381,5.230175863398879
1947,0.44741958379745483,1.6588287415491687,5.253154438249988
1948,0.47551393508911133,1.6633925444582747,5.27718359020688
1949,3.766798496246338,1.6858069831827924,5.39680430587931
1950,0.22872088849544525,1.6698036735454844,5.311124980481357
1951,0.004006455652415752,1.6468407559624212,5.190555664836069
1952,1.6899676322937012,1.6373293543091314,5.141420248868658
1953,0.2670782804489136,1.6347208369007604,5.128026241491246
1954,0.00013398226292338222,1.6317868485378313,5.113002722366287
1955,0.014946145936846733,1.6170120114723432,5.038014275404442
1956,0.4583591818809509,1.5812626803556669,4.861089940475155
1957,7.9307780265808105,1.6258141482511745,5.082555306697757
1958,0.025316935032606125,1.6256416610146152,5.081678706381601
1959,0.006687284912914038,1.5924265423819635,4.915662531517532
1960,3.0965747833251953,1.5844266239211173,4.8764945114593505
1961,5.752014636993408,1.6419090355427215,5.16502031383578
1962,3.8975143432617188,1.6751167316229294,5.339418391670767
1963,0.13110321760177612,1.661745797494168,5.268500555493404
1964,4.507959365844727,1.7035059867293785,5.493172660715894
1965,1.04886794090271,1.6627977619559715,5.274045747005604
1966,1.871845006942749,1.6805076949537943,5.368280728427055
1967,2.706320285797119,1.705815243893976,5.505872466954642
1968,8.350563049316406,1.789186361390839,5.984581198603235
1969,2.4866983890533447,1.8055117177550892,6.083083474032429
1970,1.1233835220336914,1.8167429438245926,6.151789061510319
1971,0.00016366096679121256,1.8167442418856263,6.1517970469131695
1972,2.583125114440918,1.8425572111259862,6.312660443849911
1973,0.043945543467998505,1.8230368567805453,6.190629988876678
1974,0.026021268218755722,1.822166829275684,6.185246312826654
1975,0.3328932821750641,1.8097033362265393,6.108634952699632
1976,1.0673973560333252,1.7894103221770092,5.985921660213188
1977,5.5497145652771,1.8343731694098278,6.261208198282255
1978,0.11408708244562149,1.769791841747956,5.869631421991684
1979,0.040325045585632324,1.76310912990828,5.830537139995326
1980,0.4078975021839142,1.7668710836570427,5.852512660575446
1981,0.6726343631744385,1.7735819158912818,5.891919971221475
1982,1.5022599697113037,1.7876416366757075,5.975343804568312
1983,4.340671062469482,1.8151450639427822,6.141967090786304
1984,0.00044967554276809096,1.8076434714876997,6.096064941663964
1985,0.5580999255180359,1.8002445913636074,6.051127336910249
1986,4.14479923248291,1.724553940423666,5.610018069216732
1987,8.436559677124023,1.8017237175785885,6.060084340620938
1988,0.17628982663154602,1.7343194405519353,5.665071073943534
1989,0.08599846065044403,1.7348870670021461,5.66828763094248
1990,2.9098806381225586,1.7639847755260598,5.8356448602413264
1991,2.1367640495300293,1.7850707136481834,5.960001386122874
1992,6.914538383483887,1.8476085727304052,6.344628647941358
1993,6.328761577606201,1.8033653466790747,6.070040921696482
1994,6.505287170410156,1.8678795496016574,6.474552864993261
1995,0.0026812339201569557,1.8367014611992818,6.275803101926362
1996,0.22566047310829163,1.838907204909792,6.289661193227047
1997,0.9849833846092224,1.834984614296427,6.265037752680445
1998,0.004492547363042831,1.8350156877123118,6.265232431828725
